episode,total_steps,epsilon,winner,moves,total_reward_player1,total_reward_player_minus1,loss_mean,buffer_size,replay_type,per_alpha,per_beta,priority_mean,priority_max,priority_std,td_error_mean,td_error_abs_mean,td_error_std
1,300,0.9905,,300,8.1,6.9,2.098052,300,uniform,nan,nan,nan,nan,nan,-1.527503,2.477325,3.585273
2,600,0.981,,300,7.5,9.3,1.012579,600,uniform,nan,nan,nan,nan,nan,-0.391588,1.331696,2.387767
3,900,0.9715,,300,8.3,7.1,0.879685,900,uniform,nan,nan,nan,nan,nan,-0.199405,1.200418,2.118801
4,1200,0.962,,300,9.9,8.3,2.091142,1200,uniform,nan,nan,nan,nan,nan,0.147683,2.502345,3.522501
5,1500,0.9525,,300,3.5,7.1,1.999283,1500,uniform,nan,nan,nan,nan,nan,-0.071933,2.398502,3.421058
6,1800,0.943,,300,6.7,5.9,1.799157,1800,uniform,nan,nan,nan,nan,nan,-0.081477,2.191276,3.237716
7,2100,0.9335,,300,5.9,8.5,1.43476,2100,uniform,nan,nan,nan,nan,nan,-0.190174,1.8312,2.714063
8,2400,0.924,,300,12.1,13.7,0.608595,2400,uniform,nan,nan,nan,nan,nan,-0.13036,0.973057,1.361184
9,2700,0.9145,,300,9.5,10.1,0.412035,2700,uniform,nan,nan,nan,nan,nan,-0.091517,0.723882,1.163821
10,3000,0.905,,300,9.3,17.7,0.307002,3000,uniform,nan,nan,nan,nan,nan,-0.055466,0.578638,0.999529
11,3300,0.8955,,300,14.1,14.1,0.481398,3300,uniform,nan,nan,nan,nan,nan,0.168148,0.842918,1.126334
12,3600,0.886,,300,12.7,3.7,0.292781,3600,uniform,nan,nan,nan,nan,nan,0.010567,0.604265,0.857637
13,3900,0.8765,,300,10.3,12.9,0.214502,3900,uniform,nan,nan,nan,nan,nan,-0.005948,0.488708,0.733586
14,4200,0.867,,300,10.7,8.1,0.275208,4200,uniform,nan,nan,nan,nan,nan,-0.132363,0.579369,0.808916
15,4500,0.8575,,300,12.7,13.1,0.126913,4500,uniform,nan,nan,nan,nan,nan,-0.024528,0.37895,0.523814
16,4800,0.848,,300,9.5,14.7,0.085781,4800,uniform,nan,nan,nan,nan,nan,-0.009544,0.298537,0.42843
17,5100,0.8385,,300,11.3,14.7,0.147219,5100,uniform,nan,nan,nan,nan,nan,0.091557,0.390602,0.567021
18,5400,0.829,,300,11.7,15.3,0.147927,5400,uniform,nan,nan,nan,nan,nan,0.049355,0.421154,0.560489
19,5700,0.8195,,300,13.9,10.5,0.091461,5700,uniform,nan,nan,nan,nan,nan,0.012388,0.311849,0.441551
20,6000,0.81,,300,13.9,8.5,0.064588,6000,uniform,nan,nan,nan,nan,nan,0.00459,0.248482,0.373348
21,6300,0.8005,,300,16.1,12.1,0.116006,6300,uniform,nan,nan,nan,nan,nan,-0.065734,0.353404,0.49858
22,6600,0.791,,300,15.1,14.3,0.051428,6600,uniform,nan,nan,nan,nan,nan,-0.008621,0.224168,0.3318
23,6900,0.7815,,300,16.5,14.5,0.037926,6900,uniform,nan,nan,nan,nan,nan,-0.00531,0.180867,0.286231
24,7200,0.772,,300,20.5,12.7,0.088126,7200,uniform,nan,nan,nan,nan,nan,0.050268,0.289559,0.434664
25,7500,0.7625,,300,19.3,19.5,0.054219,7500,uniform,nan,nan,nan,nan,nan,0.011519,0.227499,0.337858
26,7800,0.753,,300,14.9,17.7,0.038938,7800,uniform,nan,nan,nan,nan,nan,0.003797,0.181949,0.28664
27,8100,0.7435,,300,21.3,17.5,0.059064,8100,uniform,nan,nan,nan,nan,nan,-0.032939,0.223577,0.351114
28,8400,0.734,,300,17.3,16.5,0.043326,8400,uniform,nan,nan,nan,nan,nan,-0.013069,0.201551,0.306593
29,8700,0.7245,,300,13.5,16.7,0.029316,8700,uniform,nan,nan,nan,nan,nan,-0.007795,0.152793,0.258118
30,9000,0.715,,300,11.1,16.5,0.021646,9000,uniform,nan,nan,nan,nan,nan,-0.003426,0.124751,0.215345
31,9300,0.7055,,300,20.5,23.5,0.063403,9300,uniform,nan,nan,nan,nan,nan,0.039482,0.250754,0.362477
32,9600,0.696,,300,16.1,14.9,0.031316,9600,uniform,nan,nan,nan,nan,nan,0.005056,0.164672,0.257556
33,9900,0.6865,,300,21.3,19.5,0.023227,9900,uniform,nan,nan,nan,nan,nan,0.002998,0.134514,0.222717
34,10200,0.677,,300,22.9,19.1,0.051324,10200,uniform,nan,nan,nan,nan,nan,-0.030941,0.210972,0.33105
35,10500,0.6675,,300,21.3,18.1,0.030658,10500,uniform,nan,nan,nan,nan,nan,-0.008103,0.160206,0.256766
36,10800,0.658,,300,17.5,17.5,0.022154,10800,uniform,nan,nan,nan,nan,nan,-0.003847,0.127015,0.219013
37,11100,0.6485,,300,21.5,25.7,0.038407,11100,uniform,nan,nan,nan,nan,nan,0.024042,0.172423,0.281247
38,11400,0.639,,300,20.5,22.9,0.035037,11400,uniform,nan,nan,nan,nan,nan,0.009251,0.179376,0.270488
39,11700,0.6295,,300,18.7,19.3,0.024617,11700,uniform,nan,nan,nan,nan,nan,0.003209,0.138765,0.228586
40,12000,0.62,,300,23.5,20.9,0.020998,12000,uniform,nan,nan,nan,nan,nan,0.000745,0.121243,0.213411
41,12300,0.6105,,300,22.7,22.3,0.043019,12300,uniform,nan,nan,nan,nan,nan,-0.027835,0.201809,0.300174
42,12585,0.601475,1,285,130.97,25.78,0.022206,12585,uniform,nan,nan,nan,nan,nan,-0.005033,0.13391,0.217845
43,12885,0.591975,,300,21.1,23.3,0.022986,12885,uniform,nan,nan,nan,nan,nan,0.001395,0.11771,0.759214
44,13185,0.582475,,300,22.3,25.1,0.046974,13185,uniform,nan,nan,nan,nan,nan,0.033819,0.188289,1.06452
45,13409,0.575382,-1,224,24.28,131.28,0.034817,13409,uniform,nan,nan,nan,nan,nan,0.013964,0.16381,0.877328
46,13666,0.567243,1,257,131.11,18.32,0.03596,13666,uniform,nan,nan,nan,nan,nan,0.014368,0.14844,1.143955
47,13947,0.558345,1,281,130.99,17.8,0.043226,13947,uniform,nan,nan,nan,nan,nan,0.023306,0.144145,1.51743
48,14247,0.548845,,300,27.9,23.1,0.071169,14247,uniform,nan,nan,nan,nan,nan,0.008741,0.221481,1.819147
49,14547,0.539345,,300,27.7,23.1,0.062305,14547,uniform,nan,nan,nan,nan,nan,0.031567,0.181791,1.948143
50,14847,0.529845,,300,22.7,24.9,0.030295,14847,uniform,nan,nan,nan,nan,nan,0.007217,0.13213,1.048512
51,15147,0.520345,,300,24.5,25.5,0.053984,15147,uniform,nan,nan,nan,nan,nan,0.036315,0.18729,1.479035
52,15403,0.512238,-1,256,23.32,131.12,0.059398,15403,uniform,nan,nan,nan,nan,nan,0.037479,0.190406,1.762616
53,15682,0.503403,1,279,131.0,23.61,0.062018,15682,uniform,nan,nan,nan,nan,nan,0.040416,0.175585,1.988443
54,15982,0.493903,,300,25.1,26.3,0.064818,15982,uniform,nan,nan,nan,nan,nan,0.048511,0.163289,2.185793
55,16282,0.484403,,300,28.1,25.3,0.081743,16282,uniform,nan,nan,nan,nan,nan,0.02675,0.230352,2.194709
56,16582,0.474903,,300,23.7,25.7,0.05323,16582,uniform,nan,nan,nan,nan,nan,0.025756,0.167377,1.785777
57,16882,0.465403,,300,22.9,20.5,0.038409,16882,uniform,nan,nan,nan,nan,nan,0.01766,0.136983,1.465911
58,17182,0.455903,,300,25.5,25.7,0.093368,17182,uniform,nan,nan,nan,nan,nan,0.07649,0.228971,2.505284
59,17433,0.447955,1,251,131.14,20.55,0.063132,17433,uniform,nan,nan,nan,nan,nan,0.041777,0.189485,1.914983
60,17663,0.440672,-1,230,23.65,131.25,0.055407,17663,uniform,nan,nan,nan,nan,nan,0.034009,0.163969,1.838743
61,17858,0.434497,1,195,131.42,28.63,0.051637,17858,uniform,nan,nan,nan,nan,nan,0.031557,0.153423,1.801766
62,18091,0.427118,1,233,131.23,26.44,0.068531,18091,uniform,nan,nan,nan,nan,nan,0.023499,0.196238,2.007424
63,18382,0.417903,1,291,130.94,26.15,0.074363,18382,uniform,nan,nan,nan,nan,nan,0.03902,0.203643,2.214338
64,18656,0.409227,-1,274,28.63,131.03,0.078122,18656,uniform,nan,nan,nan,nan,nan,0.052402,0.187697,2.43248
65,18893,0.401722,1,237,131.21,23.42,0.0681,18893,uniform,nan,nan,nan,nan,nan,0.050035,0.166163,2.29825
66,19142,0.393837,1,249,131.15,25.56,0.095446,19142,uniform,nan,nan,nan,nan,nan,0.078837,0.231952,2.554055
67,19397,0.385762,1,255,131.12,25.93,0.10514,19397,uniform,nan,nan,nan,nan,nan,0.08438,0.234279,2.827164
68,19535,0.381392,-1,138,27.31,131.71,0.134277,19535,uniform,nan,nan,nan,nan,nan,0.11294,0.24845,3.386392
69,19803,0.372905,-1,268,22.26,131.06,0.095183,19803,uniform,nan,nan,nan,nan,nan,0.076933,0.198537,2.784995
70,20025,0.365875,-1,222,25.69,131.29,0.133582,20025,uniform,nan,nan,nan,nan,nan,0.09916,0.244896,3.306791
71,20279,0.357832,-1,254,28.93,131.13,0.082435,20279,uniform,nan,nan,nan,nan,nan,0.042737,0.2188,2.372286
72,20510,0.350517,1,231,131.24,26.65,0.156435,20510,uniform,nan,nan,nan,nan,nan,0.128971,0.272614,3.696839
73,20691,0.344785,1,181,131.49,26.3,0.124251,20691,uniform,nan,nan,nan,nan,nan,0.098263,0.229802,3.26543
74,20915,0.337692,-1,224,23.48,131.28,0.150923,20915,uniform,nan,nan,nan,nan,nan,0.128476,0.25036,3.665515
75,21177,0.329395,-1,262,25.69,131.09,0.10913,21177,uniform,nan,nan,nan,nan,nan,0.089659,0.247048,2.814593
76,21477,0.319895,,300,28.7,28.7,0.167255,21477,uniform,nan,nan,nan,nan,nan,0.148558,0.289146,3.810604
77,21652,0.314353,1,175,131.52,28.73,0.117958,21652,uniform,nan,nan,nan,nan,nan,0.09717,0.227825,3.123307
78,21880,0.307133,-1,228,28.46,131.26,0.203571,21880,uniform,nan,nan,nan,nan,nan,0.179722,0.309886,4.26697
79,22070,0.301117,-1,190,29.05,131.45,0.142539,22070,uniform,nan,nan,nan,nan,nan,0.096218,0.275509,3.363996
80,22260,0.2951,-1,190,29.25,131.45,0.070089,22260,uniform,nan,nan,nan,nan,nan,0.02812,0.206396,2.048237
81,22437,0.289495,1,177,131.51,28.52,0.164417,22437,uniform,nan,nan,nan,nan,nan,0.133592,0.286342,3.769778
82,22598,0.284397,1,161,131.59,28.2,0.224221,22598,uniform,nan,nan,nan,nan,nan,0.196783,0.336212,4.534646
83,22755,0.279425,1,157,131.61,28.82,0.090019,22755,uniform,nan,nan,nan,nan,nan,0.064642,0.196141,2.673841
84,22959,0.272965,-1,204,25.98,131.38,0.232986,22959,uniform,nan,nan,nan,nan,nan,0.210023,0.334975,4.660434
85,23166,0.26641,1,207,131.36,28.97,0.191652,23166,uniform,nan,nan,nan,nan,nan,0.172593,0.339868,3.980981
86,23318,0.261597,-1,152,29.04,131.64,0.200545,23318,uniform,nan,nan,nan,nan,nan,0.177155,0.330306,4.183469
87,23595,0.252825,1,277,131.01,28.22,0.139815,23595,uniform,nan,nan,nan,nan,nan,0.118547,0.257751,3.439794
88,23789,0.246682,-1,194,26.83,131.43,0.138862,23789,uniform,nan,nan,nan,nan,nan,0.119568,0.248614,3.447638
89,23970,0.24095,1,181,131.49,26.5,0.164359,23970,uniform,nan,nan,nan,nan,nan,0.143965,0.269326,3.814166
90,24167,0.234712,1,197,131.41,26.42,0.206577,24167,uniform,nan,nan,nan,nan,nan,0.150495,0.354146,4.182089
91,24275,0.231292,-1,108,25.66,131.86,0.229494,24275,uniform,nan,nan,nan,nan,nan,0.193153,0.360606,4.54351
92,24401,0.227302,-1,126,26.17,131.77,0.149539,24401,uniform,nan,nan,nan,nan,nan,0.11434,0.273433,3.535918
93,24572,0.221887,1,171,131.54,29.15,0.167131,24572,uniform,nan,nan,nan,nan,nan,0.139603,0.282217,3.837972
94,24720,0.2172,-1,148,27.06,131.66,0.269453,24720,uniform,nan,nan,nan,nan,nan,0.244823,0.378508,4.998712
95,24901,0.211468,1,181,131.49,29.3,0.181594,24901,uniform,nan,nan,nan,nan,nan,0.158267,0.285849,4.04012
96,25095,0.205325,-1,194,29.03,131.43,0.247704,25095,uniform,nan,nan,nan,nan,nan,0.227063,0.38682,4.652951
97,25268,0.199847,1,173,131.53,26.14,0.10435,25268,uniform,nan,nan,nan,nan,nan,0.085869,0.238977,2.808499
98,25480,0.193133,-1,212,26.14,131.34,0.220276,25480,uniform,nan,nan,nan,nan,nan,0.197294,0.340686,4.438474
99,25622,0.188637,-1,142,29.29,131.69,0.238274,25622,uniform,nan,nan,nan,nan,nan,0.2177,0.352718,4.655675
100,25769,0.183982,1,147,131.66,28.67,0.219776,25769,uniform,nan,nan,nan,nan,nan,0.20092,0.329804,4.482541
101,25897,0.179928,-1,128,28.56,131.76,0.232617,25897,uniform,nan,nan,nan,nan,nan,0.214658,0.338195,4.616521
102,26038,0.175463,1,141,131.69,26.3,0.124106,26038,uniform,nan,nan,nan,nan,nan,0.077652,0.251553,3.102441
103,26195,0.170492,1,157,131.61,29.42,0.196305,26195,uniform,nan,nan,nan,nan,nan,0.156188,0.334097,4.108892
104,26414,0.163557,1,219,131.3,28.31,0.192737,26414,uniform,nan,nan,nan,nan,nan,0.1603,0.316075,4.106965
105,26520,0.1602,-1,106,23.47,131.87,0.19564,26520,uniform,nan,nan,nan,nan,nan,0.170841,0.310304,4.211186
106,26687,0.154912,1,167,131.56,29.37,0.195253,26687,uniform,nan,nan,nan,nan,nan,0.169777,0.305498,4.187854
107,26864,0.149307,1,177,131.51,28.72,0.184307,26864,uniform,nan,nan,nan,nan,nan,0.159451,0.288936,4.072419
108,26990,0.145317,-1,126,25.77,131.77,0.139482,26990,uniform,nan,nan,nan,nan,nan,0.119738,0.24057,3.515727
109,27118,0.141263,-1,128,26.36,131.76,0.228755,27118,uniform,nan,nan,nan,nan,nan,0.211553,0.383468,4.385354
110,27272,0.136387,-1,154,29.03,131.63,0.267831,27272,uniform,nan,nan,nan,nan,nan,0.241669,0.397274,4.90475
111,27432,0.13132,-1,160,29.4,131.6,0.204644,27432,uniform,nan,nan,nan,nan,nan,0.184517,0.323877,4.286092
112,27620,0.125367,-1,188,26.06,131.46,0.142586,27620,uniform,nan,nan,nan,nan,nan,0.124941,0.255074,3.530161
113,27754,0.121123,-1,134,25.93,131.73,0.19178,27754,uniform,nan,nan,nan,nan,nan,0.173182,0.300421,4.15701
114,27874,0.117323,-1,120,28.8,131.8,0.17365,27874,uniform,nan,nan,nan,nan,nan,0.150557,0.275219,3.936406
115,27989,0.113682,1,115,131.82,29.23,0.22851,27989,uniform,nan,nan,nan,nan,nan,0.210062,0.329607,4.5709
116,28134,0.10909,1,145,131.67,29.48,0.204511,28134,uniform,nan,nan,nan,nan,nan,0.148037,0.3564,4.13725
117,28249,0.105448,1,115,131.82,26.23,0.321047,28249,uniform,nan,nan,nan,nan,nan,0.287241,0.452689,5.440358
118,28397,0.100762,-1,148,27.06,131.66,0.224366,28397,uniform,nan,nan,nan,nan,nan,0.186641,0.349753,4.443043
119,28561,0.095568,-1,164,28.58,131.58,0.285099,28561,uniform,nan,nan,nan,nan,nan,0.259199,0.403764,5.135914
120,28700,0.091167,1,139,131.7,26.11,0.338399,28700,uniform,nan,nan,nan,nan,nan,0.314271,0.450987,5.629943
121,28860,0.0861,-1,160,24.4,131.6,0.174181,28860,uniform,nan,nan,nan,nan,nan,0.150549,0.283608,3.955714
122,29017,0.081128,1,157,131.61,28.42,0.318832,29017,uniform,nan,nan,nan,nan,nan,0.301452,0.437979,5.418148
123,29230,0.074383,1,213,131.33,24.74,0.296121,29230,uniform,nan,nan,nan,nan,nan,0.265084,0.437455,5.12911
124,29362,0.070203,-1,132,28.74,131.74,0.24494,29362,uniform,nan,nan,nan,nan,nan,0.224959,0.372364,4.683049
125,29489,0.066182,1,127,131.76,28.97,0.287904,29489,uniform,nan,nan,nan,nan,nan,0.262461,0.409546,5.118731
126,29603,0.062572,-1,114,27.23,131.83,0.238992,29603,uniform,nan,nan,nan,nan,nan,0.215159,0.356043,4.64957
127,29776,0.057093,1,173,131.53,24.54,0.295066,29776,uniform,nan,nan,nan,nan,nan,0.274882,0.407637,5.221447
128,29898,0.05323,-1,122,28.79,131.79,0.139112,29898,uniform,nan,nan,nan,nan,nan,0.115991,0.245564,3.376199
129,30018,0.05,-1,120,29.2,131.8,0.244018,30018,uniform,nan,nan,nan,nan,nan,0.200676,0.369017,4.636529
130,30188,0.05,-1,170,28.75,131.55,0.327167,30188,uniform,nan,nan,nan,nan,nan,0.284238,0.472808,5.423442
131,30316,0.05,-1,128,28.76,131.76,0.31349,30316,uniform,nan,nan,nan,nan,nan,0.277097,0.443771,5.335116
132,30425,0.05,1,109,131.85,29.66,0.226737,30425,uniform,nan,nan,nan,nan,nan,0.188144,0.352531,4.475891
133,30523,0.05,-1,98,29.31,131.91,0.194248,30523,uniform,nan,nan,nan,nan,nan,0.162665,0.313477,4.09008
134,30613,0.05,-1,90,27.55,131.95,0.281007,30613,uniform,nan,nan,nan,nan,nan,0.24675,0.399106,5.03616
135,30812,0.05,1,199,131.4,28.81,0.341079,30812,uniform,nan,nan,nan,nan,nan,0.31068,0.456522,5.626756
136,31000,0.05,-1,188,29.26,131.46,0.327374,31000,uniform,nan,nan,nan,nan,nan,0.294445,0.441061,5.480056
137,31101,0.05,1,101,131.89,29.5,0.257106,31101,uniform,nan,nan,nan,nan,nan,0.224775,0.42428,4.568045
138,31206,0.05,1,105,131.87,29.28,0.238445,31206,uniform,nan,nan,nan,nan,nan,0.201445,0.38292,4.485345
139,31313,0.05,1,107,131.86,27.47,0.217507,31313,uniform,nan,nan,nan,nan,nan,0.184616,0.353796,4.281379
140,31449,0.05,-1,136,29.52,131.72,0.266274,31449,uniform,nan,nan,nan,nan,nan,0.237006,0.395397,4.884434
141,31605,0.05,-1,156,27.22,131.62,0.180113,31605,uniform,nan,nan,nan,nan,nan,0.15504,0.302878,3.916634
142,31714,0.05,1,109,131.85,29.66,0.208167,31714,uniform,nan,nan,nan,nan,nan,0.179351,0.327812,4.250522
143,31898,0.05,-1,184,25.68,131.48,0.2898,31898,uniform,nan,nan,nan,nan,nan,0.257447,0.406942,5.094372
144,31975,0.05,1,77,132.01,23.82,0.201254,31975,uniform,nan,nan,nan,nan,nan,0.176541,0.315694,4.192251
145,32100,0.05,1,125,131.77,26.78,0.380021,32100,uniform,nan,nan,nan,nan,nan,0.315675,0.536347,5.798442
146,32217,0.05,1,117,131.81,26.42,0.317679,32217,uniform,nan,nan,nan,nan,nan,0.273916,0.458418,5.315062
147,32377,0.05,-1,160,21.2,131.6,0.304095,32377,uniform,nan,nan,nan,nan,nan,0.262637,0.436012,5.185229
148,32471,0.05,-1,94,26.33,131.93,0.303755,32471,uniform,nan,nan,nan,nan,nan,0.269819,0.431299,5.246211
149,32766,0.05,1,295,130.92,28.13,0.331447,32766,uniform,nan,nan,nan,nan,nan,0.295098,0.453241,5.473111
150,32885,0.05,1,119,131.8,26.01,0.367248,32885,uniform,nan,nan,nan,nan,nan,0.335402,0.483652,5.780775
151,33009,0.05,-1,124,29.58,131.78,0.297123,33009,uniform,nan,nan,nan,nan,nan,0.276291,0.421789,5.11392
152,33133,0.05,-1,124,26.98,131.78,0.404097,33133,uniform,nan,nan,nan,nan,nan,0.35876,0.558999,5.993427
153,33433,0.05,,300,24.7,26.5,0.259003,33433,uniform,nan,nan,nan,nan,nan,0.218489,0.393913,4.678823
154,33604,0.05,1,171,131.54,27.15,0.321452,33604,uniform,nan,nan,nan,nan,nan,0.278514,0.449703,5.322949
155,33721,0.05,1,117,131.81,22.22,0.351875,33721,uniform,nan,nan,nan,nan,nan,0.310012,0.477898,5.571727
156,33881,0.05,-1,160,29.4,131.6,0.233124,33881,uniform,nan,nan,nan,nan,nan,0.198129,0.354129,4.468778
157,33983,0.05,-1,102,28.89,131.89,0.264248,33983,uniform,nan,nan,nan,nan,nan,0.233509,0.38102,4.83628
158,34123,0.05,-1,140,29.5,131.7,0.328237,34123,uniform,nan,nan,nan,nan,nan,0.264161,0.483379,5.289026
159,34352,0.05,1,229,131.25,28.66,0.305332,34352,uniform,nan,nan,nan,nan,nan,0.256837,0.444985,5.135626
160,34468,0.05,-1,116,27.42,131.82,0.24838,34468,uniform,nan,nan,nan,nan,nan,0.205815,0.378092,4.594985
161,34768,0.05,,300,26.5,26.9,0.343265,34768,uniform,nan,nan,nan,nan,nan,0.303404,0.469094,5.51046
162,34928,0.05,-1,160,29.0,131.6,0.334858,34928,uniform,nan,nan,nan,nan,nan,0.299458,0.454509,5.454226
163,35106,0.05,-1,178,28.51,131.51,0.440764,35106,uniform,nan,nan,nan,nan,nan,0.400953,0.586727,6.230448
164,35257,0.05,1,151,131.64,29.45,0.381519,35257,uniform,nan,nan,nan,nan,nan,0.332766,0.524896,5.71671
165,35447,0.05,-1,190,26.45,131.45,0.35193,35447,uniform,nan,nan,nan,nan,nan,0.302781,0.487731,5.498776
166,35577,0.05,-1,130,27.35,131.75,0.230857,35577,uniform,nan,nan,nan,nan,nan,0.186026,0.361217,4.362772
167,35719,0.05,-1,142,29.49,131.69,0.293902,35719,uniform,nan,nan,nan,nan,nan,0.245245,0.420991,4.947419
168,35823,0.05,-1,104,24.88,131.88,0.340432,35823,uniform,nan,nan,nan,nan,nan,0.309396,0.467022,5.470698
169,36123,0.05,,300,26.3,23.3,0.35439,36123,uniform,nan,nan,nan,nan,nan,0.295898,0.495787,5.484247
170,36216,0.05,1,93,131.93,24.34,0.270702,36216,uniform,nan,nan,nan,nan,nan,0.215309,0.417924,4.796118
171,36415,0.05,1,199,131.4,28.81,0.347373,36415,uniform,nan,nan,nan,nan,nan,0.286617,0.48937,5.412431
172,36566,0.05,1,151,131.64,26.25,0.279776,36566,uniform,nan,nan,nan,nan,nan,0.227281,0.415269,4.793154
173,36866,0.05,,300,25.5,25.5,0.328043,36866,uniform,nan,nan,nan,nan,nan,0.274345,0.460202,5.264752
174,37115,0.05,1,249,131.15,26.56,0.328119,37115,uniform,nan,nan,nan,nan,nan,0.272336,0.474363,5.188213
175,37221,0.05,-1,106,29.47,131.87,0.409535,37221,uniform,nan,nan,nan,nan,nan,0.362773,0.558266,5.893383
176,37334,0.05,1,113,131.83,24.44,0.419814,37334,uniform,nan,nan,nan,nan,nan,0.35694,0.567779,5.935517
177,37514,0.05,-1,180,28.7,131.5,0.358656,37514,uniform,nan,nan,nan,nan,nan,0.300202,0.501214,5.449783
178,37635,0.05,1,121,131.79,26.8,0.444228,37635,uniform,nan,nan,nan,nan,nan,0.381961,0.581867,6.143282
179,37872,0.05,1,237,131.21,26.22,0.27248,37872,uniform,nan,nan,nan,nan,nan,0.210707,0.405749,4.663639
180,37979,0.05,1,107,131.86,24.67,0.375859,37979,uniform,nan,nan,nan,nan,nan,0.323091,0.505926,5.605355
181,38099,0.05,-1,120,28.8,131.8,0.293028,38099,uniform,nan,nan,nan,nan,nan,0.198313,0.458923,4.672684
182,38192,0.05,1,93,131.93,27.34,0.314401,38192,uniform,nan,nan,nan,nan,nan,0.241617,0.473924,4.96345
183,38321,0.05,1,129,131.75,27.36,0.31794,38321,uniform,nan,nan,nan,nan,nan,0.239236,0.471644,4.94824
184,38490,0.05,1,169,131.55,26.96,0.402029,38490,uniform,nan,nan,nan,nan,nan,0.324814,0.546428,5.745606
185,38685,0.05,1,195,131.42,29.23,0.312143,38685,uniform,nan,nan,nan,nan,nan,0.231316,0.453443,4.939169
186,38927,0.05,-1,242,23.99,131.19,0.351891,38927,uniform,nan,nan,nan,nan,nan,0.284538,0.4876,5.377204
187,39020,0.05,1,93,131.93,23.54,0.363016,39020,uniform,nan,nan,nan,nan,nan,0.290267,0.515116,5.292344
188,39144,0.05,-1,124,29.58,131.78,0.348437,39144,uniform,nan,nan,nan,nan,nan,0.243158,0.517557,5.0429
189,39292,0.05,-1,148,29.46,131.66,0.362761,39292,uniform,nan,nan,nan,nan,nan,0.271994,0.520733,5.260419
190,39450,0.05,-1,158,27.01,131.61,0.368233,39450,uniform,nan,nan,nan,nan,nan,0.278731,0.521853,5.271712
191,39700,0.05,-1,250,28.15,131.15,0.369482,39700,uniform,nan,nan,nan,nan,nan,0.274581,0.516195,5.233637
192,39853,0.05,1,153,131.63,29.44,0.281495,39853,uniform,nan,nan,nan,nan,nan,0.187991,0.427995,4.462223
193,40070,0.05,1,217,131.31,28.52,0.33906,40070,uniform,nan,nan,nan,nan,nan,0.232276,0.49563,4.9824
194,40205,0.05,1,135,131.72,27.33,0.409669,40205,uniform,nan,nan,nan,nan,nan,0.27874,0.578988,5.509465
195,40441,0.05,-1,236,26.02,131.22,0.362606,40441,uniform,nan,nan,nan,nan,nan,0.228544,0.524023,5.041564
196,40589,0.05,-1,148,27.26,131.66,0.338068,40589,uniform,nan,nan,nan,nan,nan,0.250221,0.491606,4.947786
197,40829,0.05,-1,240,26.8,131.2,0.378766,40829,uniform,nan,nan,nan,nan,nan,0.276698,0.530355,5.279851
198,40944,0.05,1,115,131.82,29.63,0.35751,40944,uniform,nan,nan,nan,nan,nan,0.225168,0.504111,5.007912
199,41069,0.05,1,125,131.77,23.78,0.500345,41069,uniform,nan,nan,nan,nan,nan,0.385639,0.672703,6.075833
200,41369,0.05,,300,23.1,25.5,0.361205,41369,uniform,nan,nan,nan,nan,nan,0.209297,0.5351,4.817334
201,41486,0.05,1,117,131.81,27.42,0.277392,41486,uniform,nan,nan,nan,nan,nan,0.095623,0.442642,3.888507
202,41706,0.05,-1,220,28.1,131.3,0.445422,41706,uniform,nan,nan,nan,nan,nan,0.309531,0.606782,5.63484
203,42006,0.05,,300,25.3,28.7,0.391739,42006,uniform,nan,nan,nan,nan,nan,0.2278,0.552011,5.01842
204,42151,0.05,1,145,131.67,25.88,0.361084,42151,uniform,nan,nan,nan,nan,nan,0.173793,0.550142,4.550092
205,42256,0.05,1,105,131.87,24.48,0.343787,42256,uniform,nan,nan,nan,nan,nan,0.105495,0.523173,4.293852
206,42349,0.05,1,93,131.93,20.74,0.423039,42349,uniform,nan,nan,nan,nan,nan,0.248672,0.601158,5.338338
207,42649,0.05,,300,20.9,26.3,0.365469,42649,uniform,nan,nan,nan,nan,nan,0.202082,0.534881,4.819125
208,42949,0.05,,300,25.7,26.5,0.377311,42949,uniform,nan,nan,nan,nan,nan,0.185699,0.543047,4.721175
209,43060,0.05,1,111,131.84,24.85,0.350934,43060,uniform,nan,nan,nan,nan,nan,0.15653,0.537643,4.418476
210,43224,0.05,-1,164,28.58,131.58,0.462704,43224,uniform,nan,nan,nan,nan,nan,0.236791,0.65238,5.239096
211,43524,0.05,,300,21.1,26.5,0.391946,43524,uniform,nan,nan,nan,nan,nan,0.146341,0.573648,4.539476
212,43824,0.05,,300,23.3,28.1,0.322984,43824,uniform,nan,nan,nan,nan,nan,0.110711,0.494939,4.097574
213,44124,0.05,,300,24.3,26.5,0.40355,44124,uniform,nan,nan,nan,nan,nan,0.167854,0.585584,4.723301
214,44246,0.05,-1,122,28.99,131.79,0.41565,44246,uniform,nan,nan,nan,nan,nan,0.137303,0.607993,4.557864
215,44415,0.05,1,169,131.55,27.16,0.412696,44415,uniform,nan,nan,nan,nan,nan,0.158518,0.597558,4.732006
216,44568,0.05,1,153,131.63,24.04,0.337693,44568,uniform,nan,nan,nan,nan,nan,0.082752,0.519251,4.090748
217,44868,0.05,,300,23.1,23.1,0.310996,44868,uniform,nan,nan,nan,nan,nan,0.024812,0.488476,3.670389
218,45089,0.05,1,221,131.29,29.1,0.342333,45089,uniform,nan,nan,nan,nan,nan,0.095395,0.527936,4.03385
219,45308,0.05,1,219,131.3,28.91,0.385082,45308,uniform,nan,nan,nan,nan,nan,0.10898,0.579025,4.431942
220,45418,0.05,-1,110,29.45,131.85,0.305763,45418,uniform,nan,nan,nan,nan,nan,0.054973,0.495217,3.736873
221,45718,0.05,,300,24.1,22.9,0.336464,45718,uniform,nan,nan,nan,nan,nan,0.079774,0.519647,3.958902
222,45912,0.05,-1,194,28.43,131.43,0.329638,45912,uniform,nan,nan,nan,nan,nan,-0.011378,0.510633,3.506247
223,46073,0.05,1,161,131.59,29.0,0.407165,46073,uniform,nan,nan,nan,nan,nan,0.009573,0.603798,4.377079
224,46227,0.05,-1,154,27.23,131.63,0.457151,46227,uniform,nan,nan,nan,nan,nan,0.078732,0.662361,4.837881
225,46527,0.05,,300,28.7,25.5,0.412777,46527,uniform,nan,nan,nan,nan,nan,0.014876,0.610945,4.625376
226,46713,0.05,-1,186,29.07,131.47,0.318211,46713,uniform,nan,nan,nan,nan,nan,0.026642,0.512078,3.631171
227,46909,0.05,-1,196,26.62,131.42,0.437193,46909,uniform,nan,nan,nan,nan,nan,-0.012544,0.628322,4.660382
228,47076,0.05,1,167,131.56,26.37,0.352669,47076,uniform,nan,nan,nan,nan,nan,0.000324,0.551732,4.070875
229,47376,0.05,,300,25.3,23.3,0.477853,47376,uniform,nan,nan,nan,nan,nan,-0.088756,0.686234,5.155836
230,47676,0.05,,300,26.5,25.5,0.387708,47676,uniform,nan,nan,nan,nan,nan,-0.001766,0.585895,4.469194
231,47827,0.05,1,151,131.64,29.05,0.394991,47827,uniform,nan,nan,nan,nan,nan,-0.088634,0.588323,4.476486
232,48049,0.05,-1,222,26.49,131.29,0.400485,48049,uniform,nan,nan,nan,nan,nan,-0.025343,0.598553,4.533474
233,48349,0.05,,300,24.3,25.3,0.444878,48349,uniform,nan,nan,nan,nan,nan,-0.10175,0.654212,4.816514
234,48494,0.05,1,145,131.67,27.08,0.365486,48494,uniform,nan,nan,nan,nan,nan,-0.03961,0.565061,4.332865
235,48684,0.05,-1,190,26.45,131.45,0.39009,48684,uniform,nan,nan,nan,nan,nan,-0.005277,0.587784,4.438608
236,48833,0.05,1,149,131.65,24.66,0.424571,48833,uniform,nan,nan,nan,nan,nan,-0.149005,0.61703,4.813489
237,48984,0.05,1,151,131.64,26.65,0.468839,48984,uniform,nan,nan,nan,nan,nan,-0.063109,0.659931,5.119173
238,49270,0.05,-1,286,27.97,130.97,0.430562,49270,uniform,nan,nan,nan,nan,nan,-0.151827,0.639116,4.863194
239,49512,0.05,-1,242,25.79,131.19,0.430102,49512,uniform,nan,nan,nan,nan,nan,-0.163418,0.627549,4.89063
240,49812,0.05,,300,25.5,24.1,0.449396,49812,uniform,nan,nan,nan,nan,nan,-0.142252,0.647479,4.961619
241,49973,0.05,1,161,131.59,28.4,0.397463,49973,uniform,nan,nan,nan,nan,nan,-0.05305,0.586929,4.860987
242,50273,0.05,,300,26.3,25.5,0.399917,50273,uniform,nan,nan,nan,nan,nan,-0.105555,0.609432,4.528867
243,50389,0.05,-1,116,24.62,131.82,0.347923,50389,uniform,nan,nan,nan,nan,nan,0.008634,0.555286,4.147775
244,50689,0.05,,300,28.7,25.3,0.402087,50689,uniform,nan,nan,nan,nan,nan,-0.102776,0.602913,4.618882
245,50989,0.05,,300,27.7,25.9,0.389037,50989,uniform,nan,nan,nan,nan,nan,-0.080824,0.583008,4.546207
246,51219,0.05,-1,230,26.85,131.25,0.502076,51219,uniform,nan,nan,nan,nan,nan,-0.202945,0.714569,5.368301
247,51431,0.05,-1,212,26.14,131.34,0.468769,51431,uniform,nan,nan,nan,nan,nan,-0.172089,0.673449,5.185071
248,51573,0.05,-1,142,24.49,131.69,0.308161,51573,uniform,nan,nan,nan,nan,nan,-0.10367,0.503612,3.702173
249,51873,0.05,,300,26.3,27.7,0.396222,51873,uniform,nan,nan,nan,nan,nan,-0.102352,0.591678,4.669374
250,52167,0.05,-1,294,23.33,130.93,0.475101,52167,uniform,nan,nan,nan,nan,nan,-0.201442,0.679714,5.257459
251,52467,0.05,,300,26.3,25.1,0.429071,52467,uniform,nan,nan,nan,nan,nan,-0.135312,0.631778,5.010031
252,52691,0.05,-1,224,26.68,131.28,0.485485,52691,uniform,nan,nan,nan,nan,nan,-0.1864,0.683523,5.515137
253,52904,0.05,1,213,131.33,25.94,0.374977,52904,uniform,nan,nan,nan,nan,nan,-0.132423,0.567463,4.503605
254,53153,0.05,1,249,131.15,26.76,0.457401,53153,uniform,nan,nan,nan,nan,nan,-0.179043,0.666399,5.08633
255,53453,0.05,,300,26.1,24.3,0.397665,53453,uniform,nan,nan,nan,nan,nan,-0.151451,0.605817,4.627626
256,53594,0.05,1,141,131.69,28.5,0.340152,53594,uniform,nan,nan,nan,nan,nan,-0.147018,0.539062,4.209339
257,53729,0.05,1,135,131.72,23.73,0.426351,53729,uniform,nan,nan,nan,nan,nan,-0.157483,0.624573,4.959662
258,53904,0.05,1,175,131.52,26.73,0.360093,53904,uniform,nan,nan,nan,nan,nan,-0.146115,0.553011,4.357872
259,54128,0.05,-1,224,26.48,131.28,0.435143,54128,uniform,nan,nan,nan,nan,nan,-0.194989,0.641792,4.958911
260,54240,0.05,-1,112,26.64,131.84,0.356719,54240,uniform,nan,nan,nan,nan,nan,-0.131887,0.562905,4.245629
261,54398,0.05,-1,158,23.81,131.61,0.424487,54398,uniform,nan,nan,nan,nan,nan,-0.203073,0.627342,4.886233
262,54527,0.05,1,129,131.75,29.36,0.348769,54527,uniform,nan,nan,nan,nan,nan,-0.120184,0.543589,4.555431
263,54792,0.05,1,265,131.07,26.68,0.420217,54792,uniform,nan,nan,nan,nan,nan,-0.129093,0.616456,4.834588
264,54895,0.05,1,103,131.88,24.89,0.453822,54895,uniform,nan,nan,nan,nan,nan,-0.258642,0.64599,5.259517
265,55145,0.05,-1,250,28.35,131.15,0.372495,55145,uniform,nan,nan,nan,nan,nan,-0.204603,0.579205,4.63424
266,55445,0.05,,300,26.5,21.1,0.462533,55445,uniform,nan,nan,nan,nan,nan,-0.258611,0.669116,5.363036
267,55745,0.05,,300,24.7,26.5,0.376866,55745,uniform,nan,nan,nan,nan,nan,-0.2042,0.574243,4.585008
268,56045,0.05,,300,27.7,25.5,0.390927,56045,uniform,nan,nan,nan,nan,nan,-0.190724,0.587991,4.623581
269,56200,0.05,1,155,131.62,24.83,0.449586,56200,uniform,nan,nan,nan,nan,nan,-0.20343,0.65994,5.191565
270,56464,0.05,-1,264,22.08,131.08,0.472049,56464,uniform,nan,nan,nan,nan,nan,-0.243854,0.675523,5.524169
271,56764,0.05,,300,25.3,28.7,0.399676,56764,uniform,nan,nan,nan,nan,nan,-0.182576,0.596827,4.864959
272,57064,0.05,,300,27.5,26.5,0.402586,57064,uniform,nan,nan,nan,nan,nan,-0.226335,0.599476,4.850919
273,57223,0.05,1,159,131.6,24.81,0.422052,57223,uniform,nan,nan,nan,nan,nan,-0.217853,0.631531,4.963003
274,57330,0.05,1,107,131.86,26.47,0.349591,57330,uniform,nan,nan,nan,nan,nan,-0.161814,0.554846,4.24312
275,57630,0.05,,300,27.7,28.7,0.364284,57630,uniform,nan,nan,nan,nan,nan,-0.168837,0.560979,4.585982
276,57797,0.05,1,167,131.56,26.97,0.482307,57797,uniform,nan,nan,nan,nan,nan,-0.272345,0.676473,5.495406
277,57940,0.05,1,143,131.68,29.49,0.438941,57940,uniform,nan,nan,nan,nan,nan,-0.276805,0.634335,5.091551
278,58084,0.05,-1,144,29.48,131.68,0.439311,58084,uniform,nan,nan,nan,nan,nan,-0.20988,0.643882,5.09457
279,58367,0.05,1,283,130.98,26.19,0.442831,58367,uniform,nan,nan,nan,nan,nan,-0.25511,0.651839,5.089119
280,58597,0.05,-1,230,29.05,131.25,0.393996,58597,uniform,nan,nan,nan,nan,nan,-0.227785,0.593862,4.756709
281,58837,0.05,-1,240,26.8,131.2,0.536891,58837,uniform,nan,nan,nan,nan,nan,-0.358254,0.736012,5.965455
282,59030,0.05,1,193,131.43,24.84,0.424738,59030,uniform,nan,nan,nan,nan,nan,-0.262456,0.624646,5.034257
283,59183,0.05,1,153,131.63,29.04,0.427845,59183,uniform,nan,nan,nan,nan,nan,-0.263824,0.643296,5.163775
284,59483,0.05,,300,26.5,25.5,0.47969,59483,uniform,nan,nan,nan,nan,nan,-0.297454,0.686272,5.491327
285,59678,0.05,1,195,131.42,29.23,0.483832,59678,uniform,nan,nan,nan,nan,nan,-0.31411,0.685995,5.525949
286,59863,0.05,1,185,131.47,24.88,0.450235,59863,uniform,nan,nan,nan,nan,nan,-0.314788,0.652129,5.346188
287,60048,0.05,1,185,131.47,26.28,0.394058,60048,uniform,nan,nan,nan,nan,nan,-0.245678,0.59764,4.795988
288,60192,0.05,-1,144,23.68,131.68,0.401654,60192,uniform,nan,nan,nan,nan,nan,-0.268729,0.613029,5.033902
289,60259,0.05,1,67,132.06,18.27,0.452874,60259,uniform,nan,nan,nan,nan,nan,-0.246648,0.660551,5.127325
290,60537,0.05,-1,278,26.41,131.01,0.402137,60537,uniform,nan,nan,nan,nan,nan,-0.228817,0.604372,4.747146
291,60653,0.05,-1,116,27.22,131.82,0.449818,60653,uniform,nan,nan,nan,nan,nan,-0.238823,0.648405,5.188571
292,60953,0.05,,300,23.3,24.3,0.394508,60953,uniform,nan,nan,nan,nan,nan,-0.269193,0.59261,4.941126
293,61239,0.05,-1,286,26.17,130.97,0.336698,61239,uniform,nan,nan,nan,nan,nan,-0.205286,0.547916,4.290093
294,61539,0.05,,300,26.5,23.1,0.397109,61539,uniform,nan,nan,nan,nan,nan,-0.243805,0.599862,4.891894
295,61729,0.05,-1,190,26.85,131.45,0.418137,61729,uniform,nan,nan,nan,nan,nan,-0.279291,0.616916,5.219139
296,61919,0.05,-1,190,29.05,131.45,0.384207,61919,uniform,nan,nan,nan,nan,nan,-0.240495,0.577861,4.902273
297,62219,0.05,,300,25.5,26.5,0.459136,62219,uniform,nan,nan,nan,nan,nan,-0.314321,0.67376,5.398479
298,62332,0.05,1,113,131.83,24.04,0.397367,62332,uniform,nan,nan,nan,nan,nan,-0.267256,0.610262,5.071459
299,62569,0.05,1,237,131.21,24.62,0.52696,62569,uniform,nan,nan,nan,nan,nan,-0.340578,0.736316,6.012016
300,62778,0.05,1,209,131.35,29.16,0.456277,62778,uniform,nan,nan,nan,nan,nan,-0.291789,0.660428,5.536288
301,62952,0.05,-1,174,26.73,131.53,0.466254,62952,uniform,nan,nan,nan,nan,nan,-0.321524,0.668097,5.617068
302,63252,0.05,,300,25.3,28.7,0.446229,63252,uniform,nan,nan,nan,nan,nan,-0.286828,0.665055,5.196469
303,63359,0.05,1,107,131.86,29.27,0.452929,63359,uniform,nan,nan,nan,nan,nan,-0.301297,0.667246,5.400071
304,63659,0.05,,300,22.5,28.5,0.36749,63659,uniform,nan,nan,nan,nan,nan,-0.24473,0.574436,4.636423
305,63868,0.05,1,209,131.35,26.36,0.377924,63868,uniform,nan,nan,nan,nan,nan,-0.24574,0.579481,4.852928
306,64042,0.05,-1,174,24.53,131.53,0.466583,64042,uniform,nan,nan,nan,nan,nan,-0.331232,0.676772,5.596257
307,64342,0.05,,300,24.1,23.3,0.404225,64342,uniform,nan,nan,nan,nan,nan,-0.275987,0.615029,4.945716
308,64480,0.05,-1,138,29.11,131.71,0.43531,64480,uniform,nan,nan,nan,nan,nan,-0.318738,0.642079,5.239844
309,64655,0.05,1,175,131.52,24.33,0.409112,64655,uniform,nan,nan,nan,nan,nan,-0.28526,0.610559,5.135678
310,64922,0.05,1,267,131.06,23.67,0.498186,64922,uniform,nan,nan,nan,nan,nan,-0.38934,0.69871,5.801813
311,65222,0.05,,300,22.9,26.5,0.459248,65222,uniform,nan,nan,nan,nan,nan,-0.33224,0.673415,5.502942
312,65522,0.05,,300,23.3,26.3,0.372777,65522,uniform,nan,nan,nan,nan,nan,-0.268103,0.582098,4.809869
313,65638,0.05,-1,116,26.62,131.82,0.357793,65638,uniform,nan,nan,nan,nan,nan,-0.262048,0.561085,4.739727
314,65749,0.05,1,111,131.84,21.65,0.415685,65749,uniform,nan,nan,nan,nan,nan,-0.268887,0.618813,5.040618
315,65870,0.05,1,121,131.79,27.2,0.452524,65870,uniform,nan,nan,nan,nan,nan,-0.34885,0.653002,5.485527
316,66149,0.05,1,279,131.0,23.21,0.434986,66149,uniform,nan,nan,nan,nan,nan,-0.322558,0.645335,5.288026
317,66449,0.05,,300,24.7,24.1,0.407497,66449,uniform,nan,nan,nan,nan,nan,-0.276752,0.617837,5.233268
318,66651,0.05,-1,202,29.19,131.39,0.341637,66651,uniform,nan,nan,nan,nan,nan,-0.242869,0.544935,4.666387
319,66849,0.05,-1,198,26.81,131.41,0.33939,66849,uniform,nan,nan,nan,nan,nan,-0.226676,0.542696,4.66624
320,67072,0.05,1,223,131.28,24.49,0.451359,67072,uniform,nan,nan,nan,nan,nan,-0.335092,0.662462,5.496917
321,67213,0.05,1,141,131.69,25.1,0.457858,67213,uniform,nan,nan,nan,nan,nan,-0.356239,0.675926,5.687581
322,67513,0.05,,300,27.7,26.5,0.459812,67513,uniform,nan,nan,nan,nan,nan,-0.339191,0.670541,5.558094
323,67803,0.05,-1,290,26.15,130.95,0.420323,67803,uniform,nan,nan,nan,nan,nan,-0.314614,0.625642,5.318999
324,68064,0.05,1,261,131.09,26.3,0.38047,68064,uniform,nan,nan,nan,nan,nan,-0.269092,0.585629,4.958174
325,68193,0.05,1,129,131.75,24.96,0.401776,68193,uniform,nan,nan,nan,nan,nan,-0.272224,0.618203,5.168487
326,68493,0.05,,300,28.7,25.5,0.432516,68493,uniform,nan,nan,nan,nan,nan,-0.313763,0.641542,5.435336
327,68592,0.05,1,99,131.9,29.71,0.290174,68592,uniform,nan,nan,nan,nan,nan,-0.1701,0.495187,3.947411
328,68773,0.05,1,181,131.49,26.5,0.355635,68773,uniform,nan,nan,nan,nan,nan,-0.263111,0.55562,4.810177
329,68903,0.05,-1,130,22.15,131.75,0.384588,68903,uniform,nan,nan,nan,nan,nan,-0.280052,0.587382,4.904222
330,69089,0.05,-1,186,28.47,131.47,0.426041,69089,uniform,nan,nan,nan,nan,nan,-0.316616,0.640107,5.322459
331,69262,0.05,1,173,131.53,26.54,0.444224,69262,uniform,nan,nan,nan,nan,nan,-0.341088,0.657865,5.408611
332,69383,0.05,1,121,131.79,24.2,0.375734,69383,uniform,nan,nan,nan,nan,nan,-0.274113,0.585349,4.899442
333,69588,0.05,1,205,131.37,22.18,0.354621,69588,uniform,nan,nan,nan,nan,nan,-0.246024,0.560697,4.680605
334,69888,0.05,,300,26.5,25.9,0.373709,69888,uniform,nan,nan,nan,nan,nan,-0.277615,0.57427,4.890699
335,70014,0.05,-1,126,21.97,131.77,0.395498,70014,uniform,nan,nan,nan,nan,nan,-0.286251,0.600004,5.09713
336,70272,0.05,-1,258,28.91,131.11,0.364616,70272,uniform,nan,nan,nan,nan,nan,-0.254242,0.581364,4.803107
337,70572,0.05,,300,25.5,26.5,0.410671,70572,uniform,nan,nan,nan,nan,nan,-0.29473,0.614125,5.29354
338,70756,0.05,-1,184,26.88,131.48,0.377917,70756,uniform,nan,nan,nan,nan,nan,-0.255653,0.581684,4.982638
339,71020,0.05,-1,264,26.08,131.08,0.336413,71020,uniform,nan,nan,nan,nan,nan,-0.218947,0.537777,4.595503
340,71222,0.05,-1,202,26.39,131.39,0.379901,71222,uniform,nan,nan,nan,nan,nan,-0.267512,0.594679,4.956959
341,71384,0.05,-1,162,26.79,131.59,0.380692,71384,uniform,nan,nan,nan,nan,nan,-0.26842,0.586956,5.054299
342,71500,0.05,-1,116,27.22,131.82,0.436331,71500,uniform,nan,nan,nan,nan,nan,-0.331727,0.640338,5.455357
343,71646,0.05,-1,146,26.67,131.67,0.517093,71646,uniform,nan,nan,nan,nan,nan,-0.426741,0.720019,6.210584
344,71946,0.05,,300,23.1,26.5,0.48473,71946,uniform,nan,nan,nan,nan,nan,-0.367259,0.683108,5.817267
345,72198,0.05,-1,252,27.94,131.14,0.451151,72198,uniform,nan,nan,nan,nan,nan,-0.326147,0.670104,5.518172
346,72298,0.05,-1,100,25.3,131.9,0.310351,72298,uniform,nan,nan,nan,nan,nan,-0.177334,0.521724,4.122267
347,72426,0.05,-1,128,28.76,131.76,0.336055,72426,uniform,nan,nan,nan,nan,nan,-0.239682,0.543832,4.458426
348,72589,0.05,1,163,131.58,21.99,0.461311,72589,uniform,nan,nan,nan,nan,nan,-0.34629,0.669076,5.761975
349,72706,0.05,1,117,131.81,25.22,0.472465,72706,uniform,nan,nan,nan,nan,nan,-0.372779,0.676042,5.892332
350,73006,0.05,,300,28.7,25.3,0.377018,73006,uniform,nan,nan,nan,nan,nan,-0.282213,0.577409,5.073973
351,73306,0.05,,300,25.5,26.5,0.322884,73306,uniform,nan,nan,nan,nan,nan,-0.21945,0.537016,4.393624
352,73524,0.05,-1,218,26.91,131.31,0.475721,73524,uniform,nan,nan,nan,nan,nan,-0.391695,0.681614,5.912591
353,73757,0.05,1,233,131.23,24.04,0.472132,73757,uniform,nan,nan,nan,nan,nan,-0.384727,0.672945,5.797211
354,73988,0.05,1,231,131.24,23.85,0.410176,73988,uniform,nan,nan,nan,nan,nan,-0.311697,0.610855,5.320728
355,74288,0.05,,300,26.5,25.5,0.340552,74288,uniform,nan,nan,nan,nan,nan,-0.239452,0.554991,4.555481
356,74400,0.05,-1,112,24.44,131.84,0.513616,74400,uniform,nan,nan,nan,nan,nan,-0.41727,0.718602,6.189277
357,74502,0.05,-1,102,25.09,131.89,0.554025,74502,uniform,nan,nan,nan,nan,nan,-0.444113,0.758075,6.362187
358,74675,0.05,1,173,131.53,24.34,0.398353,74675,uniform,nan,nan,nan,nan,nan,-0.305812,0.598295,5.281336
359,74800,0.05,1,125,131.77,26.58,0.457267,74800,uniform,nan,nan,nan,nan,nan,-0.346341,0.658735,5.611226
360,74967,0.05,1,167,131.56,26.97,0.439056,74967,uniform,nan,nan,nan,nan,nan,-0.35673,0.636676,5.603261
361,75139,0.05,-1,172,29.34,131.54,0.440187,75000,uniform,nan,nan,nan,nan,nan,-0.340928,0.657649,5.430135
362,75439,0.05,,300,25.5,26.5,0.423145,75000,uniform,nan,nan,nan,nan,nan,-0.323384,0.632822,5.382667
363,75739,0.05,,300,26.3,27.7,0.401636,75000,uniform,nan,nan,nan,nan,nan,-0.300458,0.603835,5.157628
364,76039,0.05,,300,27.7,28.7,0.369557,75000,uniform,nan,nan,nan,nan,nan,-0.26318,0.574427,4.85806
365,76320,0.05,1,281,130.99,24.2,0.393747,75000,uniform,nan,nan,nan,nan,nan,-0.291381,0.605231,5.093956
366,76439,0.05,1,119,131.8,27.01,0.442485,75000,uniform,nan,nan,nan,nan,nan,-0.362084,0.648408,5.613912
367,76578,0.05,1,139,131.7,24.91,0.461938,75000,uniform,nan,nan,nan,nan,nan,-0.353611,0.663378,5.647635
368,76687,0.05,1,109,131.85,27.46,0.443776,75000,uniform,nan,nan,nan,nan,nan,-0.33767,0.646872,5.501935
369,76834,0.05,1,147,131.66,29.47,0.407489,75000,uniform,nan,nan,nan,nan,nan,-0.321737,0.605294,5.20643
370,76961,0.05,1,127,131.76,24.17,0.283818,75000,uniform,nan,nan,nan,nan,nan,-0.189749,0.481152,4.07052
371,77105,0.05,-1,144,27.08,131.68,0.467852,75000,uniform,nan,nan,nan,nan,nan,-0.368772,0.685542,5.633361
372,77236,0.05,1,131,131.74,27.15,0.530344,75000,uniform,nan,nan,nan,nan,nan,-0.433692,0.741519,6.204037
373,77358,0.05,-1,122,19.19,131.79,0.440171,75000,uniform,nan,nan,nan,nan,nan,-0.331004,0.650718,5.288356
374,77595,0.05,1,237,131.21,26.62,0.408887,75000,uniform,nan,nan,nan,nan,nan,-0.307882,0.613084,5.192364
375,77854,0.05,1,259,131.1,28.31,0.446044,75000,uniform,nan,nan,nan,nan,nan,-0.350076,0.649987,5.520445
376,77984,0.05,-1,130,24.75,131.75,0.370654,75000,uniform,nan,nan,nan,nan,nan,-0.275056,0.568732,4.860513
377,78231,0.05,1,247,131.16,28.17,0.451046,75000,uniform,nan,nan,nan,nan,nan,-0.329974,0.668213,5.508321
378,78416,0.05,1,185,131.47,29.28,0.451245,75000,uniform,nan,nan,nan,nan,nan,-0.349156,0.65944,5.519542
379,78590,0.05,-1,174,24.53,131.53,0.457584,75000,uniform,nan,nan,nan,nan,nan,-0.338492,0.660214,5.632454
380,78732,0.05,-1,142,24.89,131.69,0.470231,75000,uniform,nan,nan,nan,nan,nan,-0.370762,0.672351,5.785288
381,79011,0.05,1,279,131.0,25.81,0.431226,75000,uniform,nan,nan,nan,nan,nan,-0.338703,0.635054,5.472137
382,79133,0.05,-1,122,24.79,131.79,0.419555,75000,uniform,nan,nan,nan,nan,nan,-0.290988,0.643993,5.106045
383,79263,0.05,-1,130,29.55,131.75,0.483689,75000,uniform,nan,nan,nan,nan,nan,-0.379259,0.69905,5.783315
384,79387,0.05,-1,124,27.18,131.78,0.349084,75000,uniform,nan,nan,nan,nan,nan,-0.257065,0.559293,4.651578
385,79488,0.05,1,101,131.89,23.9,0.377016,75000,uniform,nan,nan,nan,nan,nan,-0.262983,0.584293,4.865746
386,79676,0.05,-1,188,26.66,131.46,0.41157,75000,uniform,nan,nan,nan,nan,nan,-0.305892,0.61781,5.224761
387,79782,0.05,-1,106,25.27,131.87,0.452163,75000,uniform,nan,nan,nan,nan,nan,-0.355953,0.655969,5.510973
388,79936,0.05,-1,154,27.23,131.63,0.411284,75000,uniform,nan,nan,nan,nan,nan,-0.311857,0.613438,5.225356
389,80058,0.05,-1,122,23.99,131.79,0.441635,75000,uniform,nan,nan,nan,nan,nan,-0.329668,0.658506,5.385235
390,80205,0.05,1,147,131.66,27.27,0.367885,75000,uniform,nan,nan,nan,nan,nan,-0.26726,0.583959,4.76006
391,80342,0.05,1,137,131.71,29.52,0.441179,75000,uniform,nan,nan,nan,nan,nan,-0.317271,0.653954,5.229752
392,80507,0.05,1,165,131.57,26.98,0.506798,75000,uniform,nan,nan,nan,nan,nan,-0.409752,0.715827,6.02005
393,80807,0.05,,300,25.9,24.3,0.46515,75000,uniform,nan,nan,nan,nan,nan,-0.363824,0.672222,5.634696
394,80918,0.05,1,111,131.84,21.25,0.375141,75000,uniform,nan,nan,nan,nan,nan,-0.27156,0.576733,4.910882
395,81182,0.05,-1,264,26.28,131.08,0.410098,75000,uniform,nan,nan,nan,nan,nan,-0.308117,0.62548,5.236242
396,81326,0.05,-1,144,21.08,131.68,0.475229,75000,uniform,nan,nan,nan,nan,nan,-0.391855,0.687286,5.783446
397,81457,0.05,1,131,131.74,28.95,0.42715,75000,uniform,nan,nan,nan,nan,nan,-0.328952,0.63769,5.491268
398,81582,0.05,1,125,131.77,24.78,0.394142,75000,uniform,nan,nan,nan,nan,nan,-0.307285,0.599712,5.19066
399,81882,0.05,,300,26.5,27.7,0.461783,75000,uniform,nan,nan,nan,nan,nan,-0.374222,0.664686,5.755223
400,82011,0.05,1,129,131.75,21.76,0.440298,75000,uniform,nan,nan,nan,nan,nan,-0.325184,0.647074,5.547362
401,82185,0.05,-1,174,25.73,131.53,0.425774,75000,uniform,nan,nan,nan,nan,nan,-0.318941,0.644834,5.28703
402,82321,0.05,-1,136,26.92,131.72,0.530017,75000,uniform,nan,nan,nan,nan,nan,-0.414757,0.745071,6.158569
403,82488,0.05,1,167,131.56,29.17,0.510318,75000,uniform,nan,nan,nan,nan,nan,-0.408868,0.720636,6.05473
404,82643,0.05,1,155,131.62,26.63,0.532235,75000,uniform,nan,nan,nan,nan,nan,-0.423327,0.736574,6.266709
405,82815,0.05,-1,172,26.34,131.54,0.457907,75000,uniform,nan,nan,nan,nan,nan,-0.365588,0.66141,5.722358
406,83115,0.05,,300,28.7,25.1,0.448819,75000,uniform,nan,nan,nan,nan,nan,-0.354905,0.660234,5.569211
407,83330,0.05,1,215,131.32,26.73,0.474761,75000,uniform,nan,nan,nan,nan,nan,-0.377857,0.688586,5.746479
408,83589,0.05,1,259,131.1,26.51,0.475034,75000,uniform,nan,nan,nan,nan,nan,-0.384754,0.685366,5.805373
409,83837,0.05,-1,248,28.16,131.16,0.484391,75000,uniform,nan,nan,nan,nan,nan,-0.395382,0.68834,5.890201
410,83947,0.05,-1,110,21.85,131.85,0.370514,75000,uniform,nan,nan,nan,nan,nan,-0.281616,0.574816,4.991449
411,84232,0.05,1,285,130.97,23.78,0.518674,75000,uniform,nan,nan,nan,nan,nan,-0.401437,0.740191,6.044414
412,84465,0.05,1,233,131.23,26.64,0.474917,75000,uniform,nan,nan,nan,nan,nan,-0.371611,0.686867,5.809233
413,84758,0.05,1,293,130.93,28.34,0.445722,75000,uniform,nan,nan,nan,nan,nan,-0.33247,0.656411,5.577821
414,84891,0.05,1,133,131.73,26.14,0.478943,75000,uniform,nan,nan,nan,nan,nan,-0.387192,0.685365,5.915092
415,85030,0.05,1,139,131.7,26.51,0.417,75000,uniform,nan,nan,nan,nan,nan,-0.29811,0.625376,5.34533
416,85302,0.05,-1,272,26.24,131.04,0.556852,75000,uniform,nan,nan,nan,nan,nan,-0.448709,0.776205,6.266551
417,85474,0.05,-1,172,26.34,131.54,0.447811,75000,uniform,nan,nan,nan,nan,nan,-0.34896,0.659306,5.445334
418,85596,0.05,-1,122,29.59,131.79,0.612866,75000,uniform,nan,nan,nan,nan,nan,-0.515264,0.824539,6.670124
419,85896,0.05,,300,28.5,26.9,0.486617,75000,uniform,nan,nan,nan,nan,nan,-0.389326,0.693683,5.846092
420,86194,0.05,-1,298,26.11,130.91,0.476348,75000,uniform,nan,nan,nan,nan,nan,-0.366486,0.695575,5.642424
421,86358,0.05,-1,164,26.98,131.58,0.62675,75000,uniform,nan,nan,nan,nan,nan,-0.515293,0.847303,6.760729
422,86513,0.05,1,155,131.62,24.03,0.5749,75000,uniform,nan,nan,nan,nan,nan,-0.463824,0.788764,6.542273
423,86691,0.05,-1,178,29.11,131.51,0.516948,75000,uniform,nan,nan,nan,nan,nan,-0.410626,0.727129,6.09659
424,86991,0.05,,300,24.1,20.9,0.508744,75000,uniform,nan,nan,nan,nan,nan,-0.410019,0.717237,6.132346
425,87155,0.05,-1,164,24.78,131.58,0.636822,75000,uniform,nan,nan,nan,nan,nan,-0.517674,0.866113,6.56371
426,87259,0.05,-1,104,25.08,131.88,0.457869,75000,uniform,nan,nan,nan,nan,nan,-0.347082,0.676179,5.406962
427,87387,0.05,-1,128,26.76,131.76,0.449813,75000,uniform,nan,nan,nan,nan,nan,-0.33267,0.667088,5.392117
428,87489,0.05,-1,102,26.89,131.89,0.451119,75000,uniform,nan,nan,nan,nan,nan,-0.345735,0.66586,5.442281
429,87693,0.05,-1,204,28.58,131.38,0.452462,75000,uniform,nan,nan,nan,nan,nan,-0.334528,0.663089,5.407981
430,87874,0.05,1,181,131.49,26.3,0.443267,75000,uniform,nan,nan,nan,nan,nan,-0.339574,0.650704,5.407707
431,88067,0.05,1,193,131.43,28.24,0.470964,75000,uniform,nan,nan,nan,nan,nan,-0.345178,0.688369,5.613293
432,88277,0.05,-1,210,26.35,131.35,0.463265,75000,uniform,nan,nan,nan,nan,nan,-0.339129,0.681966,5.634291
433,88410,0.05,1,133,131.73,29.54,0.458959,75000,uniform,nan,nan,nan,nan,nan,-0.349609,0.672193,5.633677
434,88550,0.05,-1,140,26.7,131.7,0.487712,75000,uniform,nan,nan,nan,nan,nan,-0.35267,0.700866,5.630836
435,88644,0.05,-1,94,24.33,131.93,0.438216,75000,uniform,nan,nan,nan,nan,nan,-0.335413,0.645157,5.363099
436,88761,0.05,1,117,131.81,27.42,0.489066,75000,uniform,nan,nan,nan,nan,nan,-0.365445,0.695953,5.878422
437,88924,0.05,1,163,131.58,26.39,0.533337,75000,uniform,nan,nan,nan,nan,nan,-0.426827,0.739468,6.14943
438,89076,0.05,-1,152,24.84,131.64,0.52997,75000,uniform,nan,nan,nan,nan,nan,-0.414706,0.749413,6.061713
439,89299,0.05,1,223,131.28,23.49,0.475827,75000,uniform,nan,nan,nan,nan,nan,-0.376122,0.696021,5.809219
440,89443,0.05,-1,144,24.88,131.68,0.588666,75000,uniform,nan,nan,nan,nan,nan,-0.489064,0.805987,6.672419
441,89556,0.05,1,113,131.83,24.44,0.612938,75000,uniform,nan,nan,nan,nan,nan,-0.487639,0.83,6.695676
442,89662,0.05,-1,106,25.07,131.87,0.431498,75000,uniform,nan,nan,nan,nan,nan,-0.322586,0.64455,5.297682
443,89957,0.05,1,295,130.92,25.93,0.55785,75000,uniform,nan,nan,nan,nan,nan,-0.452073,0.768876,6.458542
444,90089,0.05,-1,132,29.34,131.74,0.564738,75000,uniform,nan,nan,nan,nan,nan,-0.44806,0.787796,6.397881
445,90236,0.05,1,147,131.66,26.87,0.414138,75000,uniform,nan,nan,nan,nan,nan,-0.291936,0.630157,5.265083
446,90351,0.05,1,115,131.82,24.43,0.454765,75000,uniform,nan,nan,nan,nan,nan,-0.346173,0.669959,5.471965
447,90651,0.05,,300,28.5,24.3,0.485614,75000,uniform,nan,nan,nan,nan,nan,-0.371694,0.696198,5.850371
448,90794,0.05,1,143,131.68,26.89,0.435814,75000,uniform,nan,nan,nan,nan,nan,-0.333458,0.644502,5.45849
449,90932,0.05,-1,138,26.11,131.71,0.49141,75000,uniform,nan,nan,nan,nan,nan,-0.384525,0.702302,5.850109
450,91083,0.05,1,151,131.64,27.05,0.537685,75000,uniform,nan,nan,nan,nan,nan,-0.432255,0.761502,6.076726
451,91224,0.05,1,141,131.69,24.5,0.5402,75000,uniform,nan,nan,nan,nan,nan,-0.423761,0.764182,6.103367
452,91408,0.05,-1,184,26.88,131.48,0.489693,75000,uniform,nan,nan,nan,nan,nan,-0.359526,0.707916,5.728171
453,91577,0.05,1,169,131.55,26.56,0.502848,75000,uniform,nan,nan,nan,nan,nan,-0.400331,0.715327,5.886081
454,91714,0.05,1,137,131.71,26.72,0.528843,75000,uniform,nan,nan,nan,nan,nan,-0.426059,0.740991,6.04804
455,91839,0.05,1,125,131.77,29.38,0.53853,75000,uniform,nan,nan,nan,nan,nan,-0.442223,0.748739,6.216623
456,91934,0.05,1,95,131.92,21.33,0.570297,75000,uniform,nan,nan,nan,nan,nan,-0.465349,0.779877,6.402548
457,92052,0.05,-1,118,23.41,131.81,0.380567,75000,uniform,nan,nan,nan,nan,nan,-0.258616,0.600919,4.731332
458,92287,0.05,1,235,131.22,29.03,0.428611,75000,uniform,nan,nan,nan,nan,nan,-0.307833,0.649574,5.275409
459,92388,0.05,1,101,131.89,26.5,0.463086,75000,uniform,nan,nan,nan,nan,nan,-0.352847,0.684009,5.641082
460,92511,0.05,1,123,131.78,26.99,0.548492,75000,uniform,nan,nan,nan,nan,nan,-0.438898,0.764363,6.259063
