replay_type,seed,episode,total_steps,epsilon,winner,moves,total_reward_player1,total_reward_player_minus1,loss_mean,buffer_size,per_alpha,per_beta,priority_mean,priority_max,priority_std,td_error_mean,td_error_abs_mean,td_error_std
uniform,1,1,400,0.905,,400,6.2,4.0,0.025918,400,,,,,,0.010062,0.083172,0.257335
uniform,1,2,800,0.81,,400,16.0,13.4,0.10736,800,,,,,,0.056695,0.306179,0.490602
uniform,1,3,1200,0.715,,400,18.8,10.2,0.1232,1200,,,,,,0.055624,0.338533,0.550943
uniform,1,4,1600,0.62,,400,22.0,18.6,0.136135,1600,,,,,,0.04423,0.366394,0.585656
uniform,1,5,2000,0.525,,400,17.2,25.0,0.144787,2000,,,,,,0.040804,0.38489,0.628648
uniform,1,6,2400,0.43,,400,20.0,20.8,0.159308,2400,,,,,,0.037284,0.412106,0.670526
uniform,1,7,2799,0.335238,1.0,399,130.4,28.21,0.182811,2799,,,,,,0.023358,0.45617,0.698854
uniform,1,8,3015,0.283937,-1.0,216,28.72,131.32,0.206967,3015,,,,,,0.03671,0.493449,1.546696
uniform,1,9,3408,0.1906,1.0,393,130.43,28.24,0.199654,3408,,,,,,0.05608,0.467501,2.003061
uniform,1,10,3666,0.129325,-1.0,258,28.91,131.11,0.248489,3666,,,,,,0.10044,0.522662,2.896922
uniform,1,11,3919,0.069238,1.0,253,131.13,28.74,0.265257,3919,,,,,,0.12316,0.538193,3.350457
uniform,1,12,4148,0.05,1.0,229,131.25,25.86,0.316166,4148,,,,,,0.170989,0.592469,3.897209
uniform,1,13,4437,0.05,1.0,289,130.95,28.56,0.328782,4437,,,,,,0.199974,0.593518,4.252437
uniform,1,14,4651,0.05,-1.0,214,28.93,131.33,0.323194,4651,,,,,,0.170174,0.602276,3.930699
uniform,1,15,4826,0.05,1.0,175,131.52,24.13,0.273933,4826,,,,,,0.117913,0.549318,3.228632
uniform,1,16,5011,0.05,1.0,185,131.47,26.68,0.340346,5011,,,,,,0.191988,0.615535,4.19662
uniform,1,17,5151,0.05,-1.0,140,27.1,131.7,0.317407,5151,,,,,,0.179386,0.576879,4.176644
uniform,1,18,5371,0.05,-1.0,220,26.3,131.3,0.34131,5371,,,,,,0.197413,0.617337,4.204733
uniform,1,19,5494,0.05,1.0,123,131.78,23.19,0.339826,5494,,,,,,0.214275,0.601555,4.413949
uniform,1,20,5673,0.05,1.0,179,131.5,26.51,0.310982,5673,,,,,,0.159865,0.579256,3.892668
uniform,1,21,5829,0.05,-1.0,156,26.42,131.62,0.328462,5829,,,,,,0.200862,0.585885,4.329941
uniform,1,22,6001,0.05,-1.0,172,29.14,131.54,0.336728,6001,,,,,,0.230807,0.58624,4.53188
uniform,1,23,6311,0.05,-1.0,310,28.65,130.85,0.427535,6311,,,,,,0.28175,0.692284,5.160046
uniform,1,24,6496,0.05,1.0,185,131.47,26.88,0.431762,6496,,,,,,0.278372,0.705468,5.031545
uniform,1,25,6641,0.05,1.0,145,131.67,26.88,0.437057,6641,,,,,,0.275461,0.711716,5.02621
uniform,1,26,6865,0.05,-1.0,224,29.08,131.28,0.437983,6865,,,,,,0.28637,0.714836,5.036411
uniform,1,27,7166,0.05,1.0,301,130.89,28.5,0.425659,7166,,,,,,0.291878,0.685599,5.161316
uniform,1,28,7393,0.05,1.0,227,131.26,26.67,0.515095,7393,,,,,,0.37238,0.779433,5.847788
uniform,1,29,7577,0.05,-1.0,184,26.68,131.48,0.414986,7577,,,,,,0.286286,0.670512,5.092081
uniform,1,30,7774,0.05,1.0,197,131.41,24.02,0.496279,7774,,,,,,0.345105,0.768483,5.503788
uniform,1,31,7957,0.05,1.0,183,131.48,25.89,0.37006,7957,,,,,,0.222469,0.632105,4.502661
uniform,1,32,8200,0.05,1.0,243,131.18,28.79,0.46352,8200,,,,,,0.312177,0.737359,5.205978
uniform,1,33,8368,0.05,-1.0,168,28.96,131.56,0.448894,8368,,,,,,0.308243,0.709849,5.277729
uniform,1,34,8502,0.05,-1.0,134,26.93,131.73,0.584413,8502,,,,,,0.381508,0.87934,5.809618
uniform,1,35,8713,0.05,1.0,211,131.34,28.95,0.549913,8713,,,,,,0.357653,0.834302,5.681834
uniform,1,36,8841,0.05,-1.0,128,26.76,131.76,0.447413,8841,,,,,,0.271806,0.732941,4.864046
uniform,1,37,9039,0.05,-1.0,198,26.41,131.41,0.573149,9039,,,,,,0.403307,0.84836,6.009783
uniform,1,38,9180,0.05,1.0,141,131.69,29.5,0.447279,9180,,,,,,0.297718,0.719025,5.099414
uniform,1,39,9424,0.05,-1.0,244,26.58,131.18,0.512516,9424,,,,,,0.34441,0.790825,5.536103
uniform,1,40,9686,0.05,-1.0,262,25.89,131.09,0.4228,9686,,,,,,0.252502,0.695861,4.782222
uniform,1,41,9950,0.05,-1.0,264,28.48,131.08,0.551517,9950,,,,,,0.361101,0.828632,5.754005
uniform,1,42,10350,0.05,,400,27.8,22.6,0.552465,10000,,,,,,0.358611,0.837867,5.612862
uniform,1,43,10531,0.05,1.0,181,131.49,26.5,0.404132,10000,,,,,,0.203691,0.687611,4.314784
uniform,1,44,10768,0.05,1.0,237,131.21,24.42,0.414417,10000,,,,,,0.250046,0.685844,4.671265
uniform,1,45,10991,0.05,1.0,223,131.28,29.09,0.539884,10000,,,,,,0.359517,0.823399,5.615885
uniform,1,46,11363,0.05,-1.0,372,26.14,130.54,0.495475,10000,,,,,,0.311432,0.775383,5.244532
uniform,1,47,11763,0.05,,400,23.2,22.6,0.591199,10000,,,,,,0.414147,0.873808,5.957675
uniform,1,48,12163,0.05,,400,27.8,23.4,0.518589,10000,,,,,,0.352967,0.797441,5.400088
uniform,1,49,12563,0.05,,400,20.4,18.0,0.556751,10000,,,,,,0.372372,0.838386,5.65761
uniform,1,50,12796,0.05,1.0,233,131.23,26.44,0.526144,10000,,,,,,0.361377,0.797721,5.677521
uniform,1,51,13196,0.05,,400,23.0,17.4,0.476926,10000,,,,,,0.294394,0.758913,5.041978
uniform,1,52,13596,0.05,,400,22.6,22.8,0.539047,10000,,,,,,0.360938,0.817891,5.607684
uniform,1,53,13996,0.05,,400,18.6,18.2,0.553487,10000,,,,,,0.353049,0.838507,5.541049
uniform,1,54,14396,0.05,,400,15.0,15.2,0.589482,10000,,,,,,0.363626,0.884687,5.60596
uniform,1,55,14796,0.05,,400,17.0,11.0,0.501807,10000,,,,,,0.271041,0.789147,5.052414
uniform,1,56,15196,0.05,,400,14.2,18.0,0.45285,10000,,,,,,0.249566,0.739245,4.654399
uniform,1,57,15596,0.05,,400,20.2,13.2,0.471531,10000,,,,,,0.228956,0.760841,4.671264
uniform,1,58,15996,0.05,,400,11.2,12.4,0.518697,10000,,,,,,0.232883,0.831038,4.493837
uniform,1,59,16396,0.05,,400,14.8,15.0,0.477427,10000,,,,,,0.185496,0.787591,4.081295
uniform,1,60,16796,0.05,,400,14.8,18.0,0.486272,10000,,,,,,0.198022,0.792522,4.484939
uniform,1,61,17196,0.05,,400,12.6,12.6,0.504463,10000,,,,,,0.158759,0.818193,4.30225
uniform,1,62,17596,0.05,,400,12.6,14.6,0.481177,10000,,,,,,0.152082,0.796483,4.1679
uniform,1,63,17996,0.05,,400,11.6,12.2,0.516471,10000,,,,,,0.115316,0.8402,4.080909
uniform,1,64,18396,0.05,,400,12.6,12.6,0.514458,10000,,,,,,0.123947,0.846162,3.650798
uniform,1,65,18796,0.05,,400,10.4,15.2,0.470556,10000,,,,,,0.103029,0.800071,3.628866
uniform,1,66,19196,0.05,,400,11.6,7.4,0.556584,10000,,,,,,0.077178,0.909099,3.244778
uniform,1,67,19596,0.05,,400,12.6,8.8,0.523486,10000,,,,,,0.008998,0.876742,2.89708
uniform,1,68,19996,0.05,,400,9.0,15.6,0.482005,10000,,,,,,0.032963,0.822729,2.961492
uniform,1,69,20396,0.05,,400,11.2,7.4,0.484922,10000,,,,,,0.004555,0.819888,3.245275
uniform,1,70,20796,0.05,,400,7.8,6.0,0.458438,10000,,,,,,-0.001443,0.795043,2.990293
uniform,1,71,21196,0.05,,400,9.2,8.6,0.458448,10000,,,,,,-0.06157,0.793697,2.955106
uniform,1,72,21596,0.05,,400,6.4,9.0,0.619947,10000,,,,,,-0.040893,0.982486,3.105965
uniform,1,73,21996,0.05,,400,7.6,11.2,0.579397,10000,,,,,,-0.070233,0.944708,2.940092
uniform,1,74,22396,0.05,,400,8.0,9.0,0.732484,10000,,,,,,-0.00929,1.10519,3.334262
uniform,1,75,22796,0.05,,400,6.8,7.0,0.772738,10000,,,,,,-0.088335,1.162169,3.207019
uniform,1,76,23196,0.05,,400,5.8,6.0,0.64241,10000,,,,,,-0.10877,1.015297,3.376027
uniform,1,77,23596,0.05,,400,8.8,5.6,0.618467,10000,,,,,,-0.061266,0.981493,3.382333
uniform,1,78,23996,0.05,,400,5.0,4.4,0.761993,10000,,,,,,-0.082524,1.147967,3.682204
uniform,1,79,24396,0.05,,400,3.4,3.8,0.68779,10000,,,,,,-0.076295,1.0642,3.443857
uniform,1,80,24796,0.05,,400,6.4,8.2,0.735442,10000,,,,,,-0.03947,1.1122,3.814406
uniform,1,81,25196,0.05,,400,11.6,6.6,0.648124,10000,,,,,,-0.093994,1.016785,3.583813
uniform,1,82,25596,0.05,,400,9.8,3.8,0.821258,10000,,,,,,-0.082194,1.205486,4.122126
uniform,1,83,25996,0.05,,400,8.0,11.8,0.703537,10000,,,,,,-0.095956,1.079723,3.773224
uniform,1,84,26396,0.05,,400,5.8,4.0,0.679182,10000,,,,,,-0.112402,1.056311,3.750247
uniform,1,85,26796,0.05,,400,5.4,10.6,0.704101,10000,,,,,,-0.098643,1.079419,3.896029
uniform,1,86,27196,0.05,,400,3.6,4.6,0.704376,10000,,,,,,-0.111463,1.084367,3.787873
uniform,1,87,27596,0.05,,400,6.4,5.8,0.701223,10000,,,,,,-0.080639,1.081585,3.85548
uniform,1,88,27996,0.05,,400,5.6,5.0,0.7718,10000,,,,,,-0.090082,1.159783,3.973048
uniform,1,89,28396,0.05,,400,4.6,12.8,0.78068,10000,,,,,,-0.138758,1.165861,4.423452
uniform,1,90,28796,0.05,,400,8.6,5.4,0.889707,10000,,,,,,-0.162047,1.283974,4.83167
uniform,1,91,29196,0.05,,400,4.4,8.6,0.795512,10000,,,,,,-0.155256,1.175203,4.797624
uniform,1,92,29596,0.05,,400,3.6,7.2,0.893888,10000,,,,,,-0.089821,1.28836,4.710694
uniform,1,93,29996,0.05,,400,8.4,5.4,1.153064,10000,,,,,,-0.043792,1.561397,5.210334
uniform,1,94,30396,0.05,,400,8.2,14.2,1.016058,10000,,,,,,-0.166253,1.415412,5.489038
uniform,1,95,30796,0.05,,400,5.2,8.4,0.925255,10000,,,,,,-0.145053,1.318612,5.161295
uniform,1,96,31196,0.05,,400,7.6,7.8,1.018737,10000,,,,,,-0.164421,1.417591,5.458089
uniform,1,97,31596,0.05,,400,10.8,8.6,1.107736,10000,,,,,,-0.088179,1.516329,5.318277
uniform,1,98,31996,0.05,,400,7.0,9.2,0.984551,10000,,,,,,-0.189349,1.381366,5.526705
uniform,1,99,32396,0.05,,400,5.4,8.4,1.060574,10000,,,,,,-0.177786,1.467585,5.367616
uniform,1,100,32796,0.05,,400,6.4,11.2,0.998342,10000,,,,,,-0.199444,1.398974,5.472688
uniform,1,101,33196,0.05,,400,12.0,9.0,0.997458,10000,,,,,,-0.157029,1.400569,5.278019
uniform,1,102,33596,0.05,,400,4.8,10.0,1.053476,10000,,,,,,-0.214642,1.455624,5.889609
uniform,1,103,33996,0.05,,400,8.2,4.0,1.149911,10000,,,,,,-0.143303,1.5663,5.395123
uniform,1,104,34396,0.05,,400,5.8,8.0,1.134933,10000,,,,,,-0.154929,1.538891,6.006105
uniform,1,105,34796,0.05,,400,3.8,7.0,1.2899,10000,,,,,,-0.113477,1.708526,5.632576
uniform,1,106,35196,0.05,,400,6.4,12.4,1.488665,10000,,,,,,-0.065862,1.91899,5.737542
uniform,1,107,35596,0.05,,400,13.4,5.6,1.306829,10000,,,,,,-0.049778,1.717386,6.05875
uniform,1,108,35996,0.05,,400,5.4,4.8,1.144527,10000,,,,,,-0.233369,1.549493,6.402976
uniform,1,109,36396,0.05,,400,7.8,8.0,1.040763,10000,,,,,,-0.246754,1.441487,6.265057
uniform,1,110,36796,0.05,,400,4.6,3.4,1.075005,10000,,,,,,-0.21503,1.480986,6.167018
uniform,1,111,37196,0.05,,400,11.0,10.0,1.288644,10000,,,,,,-0.249174,1.702255,6.903341
uniform,1,112,37596,0.05,,400,8.6,7.4,1.184985,10000,,,,,,-0.237219,1.600471,6.228786
uniform,1,113,37996,0.05,,400,7.0,10.4,1.022809,10000,,,,,,-0.266755,1.419689,6.464097
uniform,1,114,38396,0.05,,400,10.4,4.6,1.05875,10000,,,,,,-0.193172,1.468047,5.743386
uniform,1,115,38796,0.05,,400,4.2,8.0,1.062776,10000,,,,,,-0.163138,1.471696,5.649992
uniform,1,116,39196,0.05,,400,8.2,4.8,1.164932,10000,,,,,,-0.205147,1.573271,6.504601
uniform,1,117,39596,0.05,,400,5.0,3.8,1.083172,10000,,,,,,-0.161696,1.491046,6.06623
uniform,1,118,39996,0.05,,400,7.4,8.8,1.210271,10000,,,,,,-0.347439,1.616687,7.460692
uniform,1,119,40396,0.05,,400,7.8,4.0,1.171806,10000,,,,,,-0.227122,1.578825,6.973991
uniform,1,120,40796,0.05,,400,8.6,10.2,1.222382,10000,,,,,,-0.16275,1.638774,6.344637
uniform,1,121,41196,0.05,,400,8.4,3.8,1.256586,10000,,,,,,-0.242638,1.671227,7.150199
uniform,1,122,41596,0.05,,400,4.6,5.6,1.356763,10000,,,,,,-0.307364,1.771543,8.024624
uniform,1,123,41996,0.05,,400,8.6,5.6,1.267843,10000,,,,,,-0.288673,1.683383,7.383093
uniform,1,124,42396,0.05,,400,7.6,4.4,1.164624,10000,,,,,,-0.274033,1.571479,7.169372
uniform,1,125,42796,0.05,,400,3.6,10.4,1.213697,10000,,,,,,-0.305725,1.62499,7.249174
uniform,1,126,43196,0.05,,400,11.4,8.6,1.290678,10000,,,,,,-0.261123,1.707216,7.343177
uniform,1,127,43596,0.05,,400,8.6,9.2,1.35678,10000,,,,,,-0.283339,1.771271,8.059633
uniform,1,128,43996,0.05,,400,8.0,13.6,1.235285,10000,,,,,,-0.246604,1.648108,7.386
uniform,1,129,44396,0.05,,400,8.8,7.0,1.206552,10000,,,,,,-0.291521,1.616975,7.421073
uniform,1,130,44796,0.05,,400,4.4,9.0,1.471323,10000,,,,,,-0.299861,1.89522,7.946585
uniform,1,131,45196,0.05,,400,10.4,4.6,1.497872,10000,,,,,,-0.313114,1.927169,7.672031
uniform,1,132,45596,0.05,,400,5.0,8.4,1.296149,10000,,,,,,-0.271555,1.711512,7.75795
uniform,1,133,45996,0.05,,400,7.4,7.8,1.604168,10000,,,,,,-0.174258,2.033308,7.83859
uniform,1,134,46396,0.05,,400,8.4,10.8,1.574557,10000,,,,,,-0.329057,2.000506,8.599759
uniform,1,135,46796,0.05,,400,6.6,11.6,1.509717,10000,,,,,,-0.241699,1.93679,7.989743
uniform,1,136,47196,0.05,,400,7.2,6.8,1.541413,10000,,,,,,-0.309281,1.9672,8.599097
uniform,1,137,47596,0.05,,400,6.2,3.2,1.702139,10000,,,,,,-0.268615,2.124731,9.550072
uniform,1,138,47996,0.05,,400,6.0,7.4,1.752415,10000,,,,,,-0.318992,2.184093,9.398882
uniform,1,139,48396,0.05,,400,6.8,5.0,1.425602,10000,,,,,,-0.221479,1.852036,7.734405
uniform,1,140,48796,0.05,,400,3.8,3.6,1.588462,10000,,,,,,-0.219447,2.014163,8.486731
uniform,1,141,49196,0.05,,400,4.8,8.8,1.839056,10000,,,,,,-0.301165,2.273926,9.372204
uniform,1,142,49596,0.05,,400,9.4,3.8,1.539402,10000,,,,,,-0.315449,1.96473,8.944951
uniform,1,143,49996,0.05,,400,11.2,5.2,1.573026,10000,,,,,,-0.336852,1.997021,9.170973
uniform,1,144,50396,0.05,,400,6.0,10.2,1.430675,10000,,,,,,-0.200593,1.851035,7.881483
uniform,1,145,50796,0.05,,400,8.8,14.6,1.583099,10000,,,,,,-0.333333,2.010606,8.838519
uniform,1,146,51196,0.05,,400,8.6,9.4,1.799531,10000,,,,,,-0.38309,2.230707,9.946916
uniform,1,147,51596,0.05,,400,5.4,10.8,1.596183,10000,,,,,,-0.39704,2.023853,9.188931
uniform,1,148,51996,0.05,,400,7.2,9.2,1.714848,10000,,,,,,-0.381643,2.143525,9.779585
uniform,1,149,52396,0.05,,400,5.8,7.0,1.700338,10000,,,,,,-0.299327,2.124628,10.169934
uniform,1,150,52796,0.05,,400,6.8,5.2,1.838964,10000,,,,,,-0.234422,2.2716,9.673096
uniform,1,151,53196,0.05,,400,7.2,14.4,1.781166,10000,,,,,,-0.374565,2.211565,10.133486
uniform,1,152,53596,0.05,,400,5.8,9.4,1.851578,10000,,,,,,-0.226676,2.289626,9.346568
uniform,1,153,53996,0.05,,400,6.2,5.0,1.660842,10000,,,,,,-0.198079,2.09127,9.225554
uniform,1,154,54396,0.05,,400,7.2,7.0,1.86602,10000,,,,,,-0.259916,2.302156,10.048797
uniform,1,155,54796,0.05,,400,4.4,8.2,2.04099,10000,,,,,,-0.264641,2.478236,10.856575
uniform,1,156,55196,0.05,,400,9.4,7.6,2.17466,10000,,,,,,-0.354176,2.614833,11.823193
uniform,1,157,55596,0.05,,400,9.0,7.4,2.103401,10000,,,,,,-0.350609,2.545357,11.102098
uniform,1,158,55996,0.05,,400,9.8,7.4,1.937179,10000,,,,,,-0.35091,2.369704,11.27281
uniform,1,159,56396,0.05,,400,7.4,6.4,1.781798,10000,,,,,,-0.346306,2.212224,10.636777
uniform,1,160,56796,0.05,,400,7.0,6.6,1.851196,10000,,,,,,-0.276282,2.285491,10.173584
uniform,1,161,57196,0.05,,400,10.2,14.6,1.975793,10000,,,,,,-0.216683,2.411079,10.543989
uniform,1,162,57596,0.05,,400,5.6,4.8,2.24364,10000,,,,,,-0.37293,2.689172,11.149998
uniform,1,163,57996,0.05,,400,8.2,6.4,2.101481,10000,,,,,,-0.333277,2.542447,11.40485
uniform,1,164,58396,0.05,,400,12.8,8.8,2.003178,10000,,,,,,-0.391967,2.443454,11.189098
uniform,1,165,58796,0.05,,400,8.0,11.8,2.113001,10000,,,,,,-0.351779,2.556022,11.393333
uniform,1,166,59196,0.05,,400,9.2,9.6,2.090948,10000,,,,,,-0.451674,2.532363,11.614451
uniform,1,167,59596,0.05,,400,11.8,6.6,1.964621,10000,,,,,,-0.367918,2.406575,10.243438
uniform,1,168,59996,0.05,,400,8.2,7.4,1.898072,10000,,,,,,-0.416512,2.332802,11.348496
uniform,1,169,60396,0.05,,400,10.6,9.6,1.963613,10000,,,,,,-0.352374,2.399474,11.504839
uniform,1,170,60796,0.05,,400,11.6,12.2,2.377714,10000,,,,,,-0.294794,2.823215,12.389434
uniform,1,171,61196,0.05,,400,7.6,7.6,2.205846,10000,,,,,,-0.241313,2.650491,11.022679
uniform,1,172,61596,0.05,,400,10.0,5.8,2.230651,10000,,,,,,-0.477964,2.673898,12.254648
uniform,1,173,61996,0.05,,400,16.0,9.2,2.312035,10000,,,,,,-0.519424,2.756985,12.732195
uniform,1,174,62396,0.05,,400,10.6,10.4,2.022254,10000,,,,,,-0.366414,2.462171,11.281283
uniform,1,175,62796,0.05,,400,10.6,8.4,2.339229,10000,,,,,,-0.418585,2.788204,11.836871
uniform,1,176,63196,0.05,,400,10.6,6.0,2.321705,10000,,,,,,-0.432419,2.767499,12.892661
uniform,1,177,63596,0.05,,400,7.8,6.0,2.187997,10000,,,,,,-0.331982,2.632871,12.057201
uniform,1,178,63996,0.05,,400,12.4,6.8,2.328016,10000,,,,,,-0.365352,2.773106,12.431501
uniform,1,179,64396,0.05,,400,11.4,6.4,2.319659,10000,,,,,,-0.490195,2.765766,12.896263
uniform,1,180,64796,0.05,,400,9.2,7.4,2.447596,10000,,,,,,-0.387726,2.8957,13.072606
uniform,1,181,65196,0.05,,400,10.4,7.2,2.777817,10000,,,,,,-0.513967,3.230687,14.00185
uniform,1,182,65596,0.05,,400,4.8,4.8,2.313713,10000,,,,,,-0.393443,2.760399,12.467313
uniform,1,183,65996,0.05,,400,8.4,9.4,2.487893,10000,,,,,,-0.550565,2.938686,12.902076
uniform,1,184,66396,0.05,,400,8.4,8.4,2.384493,10000,,,,,,-0.477987,2.830476,13.577585
uniform,1,185,66796,0.05,,400,6.2,12.0,2.360904,10000,,,,,,-0.574498,2.805067,13.719241
uniform,1,186,67196,0.05,,400,7.8,10.0,2.29982,10000,,,,,,-0.408405,2.747914,11.944516
uniform,1,187,67596,0.05,,400,7.2,10.8,2.520026,10000,,,,,,-0.586374,2.970971,13.562675
uniform,1,188,67996,0.05,,400,6.4,6.8,2.397263,10000,,,,,,-0.479712,2.84774,12.661876
uniform,1,189,68396,0.05,,400,8.2,6.0,2.756182,10000,,,,,,-0.495836,3.212866,13.0374
uniform,1,190,68796,0.05,,400,10.0,7.6,2.360284,10000,,,,,,-0.56664,2.807128,13.092627
uniform,1,191,69196,0.05,,400,9.0,9.4,2.379952,10000,,,,,,-0.563407,2.826564,13.412245
uniform,1,192,69596,0.05,,400,4.0,8.0,2.358451,10000,,,,,,-0.496451,2.807471,13.140094
uniform,1,193,69996,0.05,,400,8.0,15.2,2.37756,10000,,,,,,-0.48321,2.825054,13.229534
uniform,1,194,70396,0.05,,400,9.2,11.8,2.656718,10000,,,,,,-0.617835,3.107922,14.956529
uniform,1,195,70796,0.05,,400,5.4,7.4,2.748263,10000,,,,,,-0.568598,3.198837,15.225496
uniform,1,196,71196,0.05,,400,7.8,10.6,2.829615,10000,,,,,,-0.575315,3.284667,14.850226
uniform,1,197,71596,0.05,,400,9.2,6.8,2.631735,10000,,,,,,-0.622563,3.084502,14.527933
uniform,1,198,71996,0.05,,400,11.6,7.4,2.537173,10000,,,,,,-0.6102,2.98505,14.715797
uniform,1,199,72396,0.05,,400,8.6,10.2,2.400319,10000,,,,,,-0.596652,2.848561,14.266336
uniform,1,200,72796,0.05,,400,5.4,9.6,2.568991,10000,,,,,,-0.600678,3.015862,15.393038
uniform,2,1,400,0.905,,400,6.4,6.0,0.026664,400,,,,,,0.008265,0.08453,0.258416
uniform,2,2,800,0.81,,400,13.8,10.8,0.093924,800,,,,,,0.055039,0.280482,0.453586
uniform,2,3,1200,0.715,,400,19.0,9.8,0.087923,1200,,,,,,0.04263,0.286164,0.445214
uniform,2,4,1600,0.62,,400,14.4,17.2,0.096117,1600,,,,,,0.028597,0.304266,0.474748
uniform,2,5,2000,0.525,,400,22.8,17.8,0.101015,2000,,,,,,0.0288,0.315013,0.510204
uniform,2,6,2400,0.43,,400,22.6,22.0,0.158198,2400,,,,,,0.030255,0.416594,0.611276
uniform,2,7,2800,0.335,,400,24.4,28.0,0.133792,2800,,,,,,0.017211,0.382791,0.592223
uniform,2,8,3037,0.278713,1.0,237,131.21,23.62,0.146929,3037,,,,,,0.013758,0.408611,0.596886
uniform,2,9,3274,0.222425,1.0,237,131.21,24.02,0.165131,3274,,,,,,0.051035,0.412638,1.936036
uniform,2,10,3472,0.1754,-1.0,198,25.81,131.41,0.1726,3472,,,,,,0.056541,0.42059,2.248619
uniform,2,11,3696,0.1222,-1.0,224,28.48,131.28,0.182016,3696,,,,,,0.068334,0.433846,2.379868
uniform,2,12,3839,0.088238,1.0,143,131.68,29.49,0.230308,3839,,,,,,0.120943,0.474569,3.416771
uniform,2,13,4239,0.05,,400,26.4,28.2,0.212416,4239,,,,,,0.094389,0.461944,2.950622
uniform,2,14,4430,0.05,1.0,191,131.44,23.85,0.204698,4430,,,,,,0.086339,0.456399,2.836034
uniform,2,15,4573,0.05,1.0,143,131.68,28.89,0.255696,4573,,,,,,0.127606,0.509264,3.512241
uniform,2,16,4736,0.05,1.0,163,131.58,29.39,0.256601,4736,,,,,,0.1487,0.499397,3.748652
uniform,2,17,5122,0.05,-1.0,386,28.07,130.47,0.243635,5122,,,,,,0.117027,0.501699,3.318776
uniform,2,18,5245,0.05,1.0,123,131.78,29.59,0.308962,5245,,,,,,0.178894,0.570129,4.07403
uniform,2,19,5449,0.05,-1.0,204,28.58,131.38,0.3132,5449,,,,,,0.190767,0.568732,4.221249
uniform,2,20,5648,0.05,1.0,199,131.4,28.41,0.259222,5648,,,,,,0.132555,0.516813,3.504576
uniform,2,21,5878,0.05,-1.0,230,26.65,131.25,0.334537,5878,,,,,,0.206274,0.59226,4.32234
uniform,2,22,6081,0.05,1.0,203,131.38,23.39,0.381895,6081,,,,,,0.240292,0.644237,4.739662
uniform,2,23,6397,0.05,-1.0,316,28.02,130.82,0.330969,6397,,,,,,0.208366,0.582438,4.412109
uniform,2,24,6559,0.05,-1.0,162,29.39,131.59,0.394253,6559,,,,,,0.242604,0.668332,4.728529
uniform,2,25,6718,0.05,1.0,159,131.6,29.01,0.313147,6718,,,,,,0.186878,0.56536,4.190478
uniform,2,26,6825,0.05,1.0,107,131.86,29.67,0.306742,6825,,,,,,0.183281,0.568417,4.009696
uniform,2,27,7017,0.05,-1.0,192,29.04,131.44,0.353751,7017,,,,,,0.206441,0.616563,4.436215
uniform,2,28,7126,0.05,1.0,109,131.85,29.66,0.430716,7126,,,,,,0.308719,0.678611,5.300586
uniform,2,29,7300,0.05,-1.0,174,26.53,131.53,0.385627,7300,,,,,,0.225248,0.660873,4.569177
uniform,2,30,7573,0.05,1.0,273,131.03,28.64,0.385056,7573,,,,,,0.244765,0.644879,4.778592
uniform,2,31,7891,0.05,-1.0,318,28.01,130.81,0.397885,7891,,,,,,0.249575,0.661624,4.785919
uniform,2,32,8122,0.05,1.0,231,131.24,28.65,0.444884,8122,,,,,,0.305838,0.708864,5.200516
uniform,2,33,8304,0.05,-1.0,182,21.29,131.49,0.325938,8304,,,,,,0.188587,0.586046,4.092976
uniform,2,34,8502,0.05,-1.0,198,26.61,131.41,0.445099,8502,,,,,,0.304171,0.711687,5.090974
uniform,2,35,8689,0.05,1.0,187,131.46,26.07,0.479015,8689,,,,,,0.316147,0.749391,5.428745
uniform,2,36,9005,0.05,-1.0,316,23.02,130.82,0.438299,9005,,,,,,0.286871,0.701961,5.139714
uniform,2,37,9244,0.05,1.0,239,131.2,28.61,0.447036,9244,,,,,,0.304941,0.70849,5.249647
uniform,2,38,9511,0.05,1.0,267,131.06,28.47,0.423413,9511,,,,,,0.263838,0.688259,4.940578
uniform,2,39,9710,0.05,1.0,199,131.4,26.21,0.424205,9710,,,,,,0.279548,0.687516,5.02658
uniform,2,40,9947,0.05,1.0,237,131.21,26.02,0.376312,9947,,,,,,0.226794,0.633241,4.631818
uniform,2,41,10202,0.05,1.0,255,131.12,23.53,0.490902,10000,,,,,,0.335189,0.758937,5.511278
uniform,2,42,10438,0.05,-1.0,236,24.02,131.22,0.449824,10000,,,,,,0.314935,0.710007,5.300054
uniform,2,43,10647,0.05,1.0,209,131.35,24.36,0.390486,10000,,,,,,0.255266,0.647706,4.773386
uniform,2,44,10958,0.05,1.0,311,130.84,26.45,0.447625,10000,,,,,,0.293756,0.713674,5.062486
uniform,2,45,11326,0.05,-1.0,368,25.36,130.56,0.472656,10000,,,,,,0.304897,0.746421,5.153388
uniform,2,46,11601,0.05,1.0,275,131.02,28.23,0.502953,10000,,,,,,0.350324,0.76922,5.556353
uniform,2,47,11873,0.05,-1.0,272,28.84,131.04,0.547701,10000,,,,,,0.376128,0.822824,5.73213
uniform,2,48,12249,0.05,-1.0,376,28.12,130.52,0.525976,10000,,,,,,0.346797,0.805374,5.441111
uniform,2,49,12649,0.05,,400,9.2,15.4,0.576808,10000,,,,,,0.410098,0.855287,5.963256
uniform,2,50,13049,0.05,,400,20.4,15.2,0.499188,10000,,,,,,0.330762,0.777184,5.371832
uniform,2,51,13449,0.05,,400,21.0,18.0,0.522984,10000,,,,,,0.333927,0.804253,5.442569
uniform,2,52,13849,0.05,,400,22.4,22.4,0.525576,10000,,,,,,0.32404,0.810544,5.295719
uniform,2,53,14249,0.05,,400,12.4,6.4,0.561655,10000,,,,,,0.335196,0.850495,5.477698
uniform,2,54,14649,0.05,,400,18.6,20.6,0.500179,10000,,,,,,0.28431,0.787761,5.103196
uniform,2,55,15049,0.05,,400,11.8,17.8,0.486296,10000,,,,,,0.270827,0.769807,5.079325
uniform,2,56,15449,0.05,,400,15.2,14.6,0.464129,10000,,,,,,0.234913,0.748497,4.758682
uniform,2,57,15849,0.05,,400,9.6,11.0,0.550827,10000,,,,,,0.25458,0.856829,4.907659
uniform,2,58,16249,0.05,,400,9.0,11.2,0.522882,10000,,,,,,0.205269,0.838188,4.597138
uniform,2,59,16649,0.05,,400,10.0,10.0,0.594743,10000,,,,,,0.254568,0.911959,5.068937
uniform,2,60,17049,0.05,,400,6.6,15.0,0.516542,10000,,,,,,0.167661,0.836119,4.370141
uniform,2,61,17449,0.05,,400,6.8,9.6,0.455447,10000,,,,,,0.126194,0.770043,3.919451
uniform,2,62,17849,0.05,,400,12.4,21.0,0.511319,10000,,,,,,0.09007,0.839248,3.966808
uniform,2,63,18249,0.05,,400,6.0,10.4,0.470508,10000,,,,,,0.101976,0.79113,3.800093
uniform,2,64,18649,0.05,,400,14.2,10.4,0.485565,10000,,,,,,0.060857,0.805666,3.738686
uniform,2,65,19049,0.05,,400,12.4,10.4,0.521797,10000,,,,,,0.082225,0.85673,3.773443
uniform,2,66,19449,0.05,,400,8.4,11.2,0.509116,10000,,,,,,0.069505,0.84304,3.780221
uniform,2,67,19849,0.05,,400,11.4,8.0,0.506871,10000,,,,,,0.029513,0.835409,3.577524
uniform,2,68,20249,0.05,,400,7.2,6.8,0.524474,10000,,,,,,0.04855,0.866886,3.420586
uniform,2,69,20649,0.05,,400,6.6,7.8,0.527897,10000,,,,,,0.020159,0.875058,3.196623
uniform,2,70,21049,0.05,,400,15.6,11.0,0.601543,10000,,,,,,0.005647,0.956737,3.568034
uniform,2,71,21449,0.05,,400,7.8,10.2,0.481823,10000,,,,,,-0.017963,0.830545,2.90767
uniform,2,72,21849,0.05,,400,6.8,10.6,0.494208,10000,,,,,,-0.086677,0.831512,3.324816
uniform,2,73,22249,0.05,,400,9.4,8.4,0.481214,10000,,,,,,-0.053425,0.822586,2.890111
uniform,2,74,22649,0.05,,400,14.2,10.4,0.507847,10000,,,,,,-0.063858,0.851121,3.030463
uniform,2,75,23049,0.05,,400,12.0,9.0,0.564099,10000,,,,,,-0.048649,0.915304,3.086457
uniform,2,76,23449,0.05,,400,11.4,9.0,0.550124,10000,,,,,,-0.072494,0.907545,2.988368
uniform,2,77,23849,0.05,,400,6.8,12.4,0.648526,10000,,,,,,-0.084067,1.016968,3.425878
uniform,2,78,24249,0.05,,400,7.8,9.8,0.639728,10000,,,,,,-0.082644,1.015122,3.192647
uniform,2,79,24649,0.05,,400,7.0,5.6,0.660248,10000,,,,,,-0.089963,1.030361,3.549753
uniform,2,80,25049,0.05,,400,6.4,5.6,0.619114,10000,,,,,,-0.089579,0.987545,3.376238
uniform,2,81,25449,0.05,,400,10.8,8.4,0.592176,10000,,,,,,-0.072968,0.958404,3.224718
uniform,2,82,25849,0.05,,400,11.2,9.4,0.642429,10000,,,,,,-0.105792,1.009005,3.656626
uniform,2,83,26249,0.05,,400,4.8,9.8,0.654567,10000,,,,,,-0.075597,1.027429,3.407536
uniform,2,84,26649,0.05,,400,4.2,6.4,0.670305,10000,,,,,,-0.071295,1.037475,3.565271
uniform,2,85,27049,0.05,,400,9.8,8.0,0.813499,10000,,,,,,-0.089367,1.193457,3.999434
uniform,2,86,27449,0.05,,400,6.2,6.0,0.875164,10000,,,,,,-0.121317,1.272675,3.950861
uniform,2,87,27849,0.05,,400,8.4,7.2,0.775527,10000,,,,,,-0.117829,1.160056,4.20381
uniform,2,88,28249,0.05,,400,4.4,7.2,0.657747,10000,,,,,,-0.101845,1.026482,3.91932
uniform,2,89,28649,0.05,,400,10.2,6.6,0.666453,10000,,,,,,-0.085497,1.039375,3.917638
uniform,2,90,29049,0.05,,400,11.6,8.6,0.718412,10000,,,,,,-0.085786,1.092109,4.324399
uniform,2,91,29449,0.05,,400,9.0,7.6,0.733619,10000,,,,,,-0.116141,1.110019,4.290542
uniform,2,92,29849,0.05,,400,8.8,5.6,0.794685,10000,,,,,,-0.204586,1.169848,4.958347
uniform,2,93,30249,0.05,,400,8.4,2.8,0.744313,10000,,,,,,-0.121739,1.125292,4.155097
uniform,2,94,30649,0.05,,400,9.8,5.0,0.838323,10000,,,,,,-0.147777,1.225978,4.583966
uniform,2,95,31049,0.05,,400,6.4,8.4,0.817318,10000,,,,,,-0.117761,1.208131,4.21649
uniform,2,96,31449,0.05,,400,8.2,11.8,0.777582,10000,,,,,,-0.125159,1.165395,4.250137
uniform,2,97,31849,0.05,,400,5.0,6.8,0.837616,10000,,,,,,-0.202789,1.222023,4.851643
uniform,2,98,32249,0.05,,400,19.6,12.4,0.795217,10000,,,,,,-0.145447,1.183132,4.376615
uniform,2,99,32649,0.05,,400,6.8,7.0,0.755444,10000,,,,,,-0.193961,1.138033,4.574963
uniform,2,100,33049,0.05,,400,11.6,9.2,0.806037,10000,,,,,,-0.179218,1.185429,4.884193
uniform,2,101,33449,0.05,,400,14.0,10.4,0.848775,10000,,,,,,-0.165583,1.23264,5.112388
uniform,2,102,33849,0.05,,400,4.0,5.4,0.970987,10000,,,,,,-0.109327,1.3673,5.201865
uniform,2,103,34249,0.05,,400,6.8,5.0,0.935212,10000,,,,,,-0.10348,1.333903,4.667438
uniform,2,104,34649,0.05,,400,12.6,10.8,0.999653,10000,,,,,,-0.109284,1.401809,5.178704
uniform,2,105,35049,0.05,,400,13.2,10.2,0.986865,10000,,,,,,-0.14608,1.384525,5.373203
uniform,2,106,35449,0.05,,400,7.0,8.0,0.946053,10000,,,,,,-0.128206,1.337904,5.418303
uniform,2,107,35849,0.05,,400,9.2,6.4,0.982098,10000,,,,,,-0.122527,1.379272,5.309092
uniform,2,108,36249,0.05,,400,5.6,7.0,0.972681,10000,,,,,,-0.193513,1.366288,5.509325
uniform,2,109,36649,0.05,,400,7.0,7.6,0.814629,10000,,,,,,-0.162188,1.200427,4.834234
uniform,2,110,37049,0.05,,400,9.0,7.0,0.921319,10000,,,,,,-0.208003,1.31264,5.56402
uniform,2,111,37449,0.05,,400,8.2,8.8,0.968953,10000,,,,,,-0.185522,1.366175,5.465843
uniform,2,112,37849,0.05,,400,10.4,8.8,0.883836,10000,,,,,,-0.159528,1.27462,5.018675
uniform,2,113,38249,0.05,,400,7.0,7.4,0.925849,10000,,,,,,-0.185538,1.316249,5.684996
uniform,2,114,38649,0.05,,400,13.6,10.2,0.942964,10000,,,,,,-0.213475,1.333222,5.948119
uniform,2,115,39049,0.05,,400,8.0,5.2,0.955859,10000,,,,,,-0.132649,1.350453,5.392623
uniform,2,116,39449,0.05,,400,7.4,8.4,1.106515,10000,,,,,,-0.219301,1.51092,6.011183
uniform,2,117,39849,0.05,,400,14.8,9.0,1.039236,10000,,,,,,-0.181508,1.444389,5.550492
uniform,2,118,40249,0.05,,400,8.0,11.0,1.004311,10000,,,,,,-0.215043,1.404818,5.862524
uniform,2,119,40649,0.05,,400,9.6,6.4,1.111879,10000,,,,,,-0.204038,1.511855,6.57932
uniform,2,120,41049,0.05,,400,6.4,9.4,1.103452,10000,,,,,,-0.181533,1.505515,6.24081
uniform,2,121,41449,0.05,,400,9.6,8.2,1.053962,10000,,,,,,-0.146905,1.461995,5.432944
uniform,2,122,41849,0.05,,400,6.2,6.8,1.196692,10000,,,,,,-0.184731,1.610148,6.193966
uniform,2,123,42249,0.05,,400,9.0,9.0,1.294774,10000,,,,,,-0.205166,1.713689,6.435198
uniform,2,124,42649,0.05,,400,10.4,8.4,1.248126,10000,,,,,,-0.224727,1.662066,6.870349
uniform,2,125,43049,0.05,,400,9.6,5.0,1.153871,10000,,,,,,-0.200779,1.558826,6.736864
uniform,2,126,43449,0.05,,400,4.4,6.8,1.121893,10000,,,,,,-0.195323,1.530449,6.315398
uniform,2,127,43849,0.05,,400,9.0,12.0,1.148623,10000,,,,,,-0.19663,1.558978,6.520554
uniform,2,128,44249,0.05,,400,7.6,5.2,1.288648,10000,,,,,,-0.145307,1.702336,6.67283
uniform,2,129,44649,0.05,,400,11.4,7.8,1.576993,10000,,,,,,-0.137585,2.001918,7.217463
uniform,2,130,45049,0.05,,400,6.0,7.4,1.392375,10000,,,,,,-0.149834,1.817097,6.536535
uniform,2,131,45449,0.05,,400,13.2,10.0,1.338113,10000,,,,,,-0.252972,1.753446,7.551974
uniform,2,132,45849,0.05,,400,7.2,8.0,1.258188,10000,,,,,,-0.25914,1.667665,7.501029
uniform,2,133,46249,0.05,,400,12.4,5.2,1.237777,10000,,,,,,-0.242379,1.647153,7.548355
uniform,2,134,46649,0.05,,400,11.6,9.0,1.170361,10000,,,,,,-0.218597,1.578829,7.048903
uniform,2,135,47049,0.05,,400,9.6,13.6,1.156183,10000,,,,,,-0.172522,1.566085,6.496336
uniform,2,136,47449,0.05,,400,12.8,14.6,1.23664,10000,,,,,,-0.28179,1.645087,7.574944
uniform,2,137,47849,0.05,,400,9.2,11.6,1.263158,10000,,,,,,-0.251073,1.672338,7.462039
uniform,2,138,48249,0.05,,400,7.8,9.2,1.364331,10000,,,,,,-0.199195,1.78319,7.107263
uniform,2,139,48649,0.05,,400,14.8,6.4,1.331146,10000,,,,,,-0.23185,1.750277,7.332392
uniform,2,140,49049,0.05,,400,5.0,8.0,1.335924,10000,,,,,,-0.279039,1.750787,7.749803
uniform,2,141,49449,0.05,,400,6.4,10.6,1.290142,10000,,,,,,-0.228404,1.706198,7.308724
uniform,2,142,49849,0.05,,400,7.2,7.2,1.43937,10000,,,,,,-0.343393,1.856462,8.714816
uniform,2,143,50249,0.05,,400,9.2,6.6,1.392718,10000,,,,,,-0.298443,1.811594,8.065913
uniform,2,144,50649,0.05,,400,8.8,8.4,1.482275,10000,,,,,,-0.310219,1.906711,8.185667
uniform,2,145,51049,0.05,,400,11.8,11.0,1.408233,10000,,,,,,-0.342614,1.825301,8.39969
uniform,2,146,51449,0.05,,400,11.0,8.2,1.409254,10000,,,,,,-0.326204,1.826687,8.15847
uniform,2,147,51849,0.05,,400,12.2,8.6,1.363109,10000,,,,,,-0.37172,1.778372,8.243737
uniform,2,148,52249,0.05,,400,12.6,11.2,1.387359,10000,,,,,,-0.26924,1.804925,7.862547
uniform,2,149,52649,0.05,,400,8.6,8.2,1.491542,10000,,,,,,-0.311834,1.913911,8.34126
uniform,2,150,53049,0.05,,400,11.4,13.4,1.403048,10000,,,,,,-0.218171,1.826049,7.488993
uniform,2,151,53449,0.05,,400,4.0,4.4,1.489669,10000,,,,,,-0.333144,1.912771,8.696908
uniform,2,152,53849,0.05,,400,9.8,10.2,1.449747,10000,,,,,,-0.269008,1.871472,8.433625
uniform,2,153,54249,0.05,,400,6.2,10.4,1.588293,10000,,,,,,-0.249994,2.010501,9.08075
uniform,2,154,54649,0.05,,400,4.8,5.2,1.689603,10000,,,,,,-0.184597,2.119319,8.589471
uniform,2,155,55049,0.05,,400,15.2,10.4,1.544273,10000,,,,,,-0.174183,1.973616,7.77859
uniform,2,156,55449,0.05,,400,4.6,6.4,1.614577,10000,,,,,,-0.309334,2.0413,9.08971
uniform,2,157,55849,0.05,,400,8.6,12.2,1.523011,10000,,,,,,-0.281439,1.946854,9.056786
uniform,2,158,56249,0.05,,400,9.6,6.2,1.516024,10000,,,,,,-0.155651,1.936908,9.073921
uniform,2,159,56649,0.05,,400,6.8,4.8,1.599943,10000,,,,,,-0.231114,2.024314,9.189299
uniform,2,160,57049,0.05,,400,9.0,8.6,1.551594,10000,,,,,,-0.297975,1.97775,9.140592
uniform,2,161,57449,0.05,,400,8.4,13.4,1.684368,10000,,,,,,-0.272611,2.115175,9.284368
uniform,2,162,57849,0.05,,400,10.0,7.8,1.687702,10000,,,,,,-0.36245,2.117606,9.645798
uniform,2,163,58249,0.05,,400,6.8,7.4,1.694278,10000,,,,,,-0.295361,2.123894,9.498261
uniform,2,164,58649,0.05,,400,6.2,6.4,1.777671,10000,,,,,,-0.488585,2.210892,10.192505
uniform,2,165,59049,0.05,,400,10.0,9.6,1.751077,10000,,,,,,-0.321305,2.186133,9.622088
uniform,2,166,59449,0.05,,400,8.2,9.2,1.64161,10000,,,,,,-0.332327,2.073903,8.973927
uniform,2,167,59849,0.05,,400,7.4,14.4,1.554149,10000,,,,,,-0.31921,1.982225,8.985048
uniform,2,168,60249,0.05,,400,8.6,5.8,1.713703,10000,,,,,,-0.379385,2.142296,10.212158
uniform,2,169,60649,0.05,,400,11.4,21.8,1.7815,10000,,,,,,-0.356265,2.212804,10.308326
uniform,2,170,61049,0.05,,400,11.2,6.2,1.72794,10000,,,,,,-0.316851,2.159609,9.827108
uniform,2,171,61449,0.05,,400,10.4,8.2,1.815125,10000,,,,,,-0.316094,2.247263,10.121
uniform,2,172,61849,0.05,,400,3.6,11.0,1.803839,10000,,,,,,-0.374183,2.234018,10.538411
uniform,2,173,62249,0.05,,400,8.8,8.2,1.725311,10000,,,,,,-0.286841,2.154251,10.305502
uniform,2,174,62649,0.05,,400,7.8,8.8,1.842349,10000,,,,,,-0.305242,2.280053,9.955344
uniform,2,175,63049,0.05,,400,8.6,8.6,1.991228,10000,,,,,,-0.461261,2.428889,11.288997
uniform,2,176,63449,0.05,,400,9.4,19.4,1.717144,10000,,,,,,-0.311366,2.151675,9.43866
uniform,2,177,63849,0.05,,400,12.0,13.6,1.79989,10000,,,,,,-0.310764,2.238165,9.552541
uniform,2,178,64249,0.05,,400,13.4,11.8,2.084884,10000,,,,,,-0.318837,2.525849,10.848661
uniform,2,179,64649,0.05,,400,3.2,9.4,2.153688,10000,,,,,,-0.438876,2.593091,12.028051
uniform,2,180,65049,0.05,,400,6.2,11.6,1.99383,10000,,,,,,-0.432391,2.428819,11.564609
uniform,2,181,65449,0.05,,400,7.0,7.8,2.095994,10000,,,,,,-0.478609,2.535683,11.832624
uniform,2,182,65849,0.05,,400,7.2,7.2,2.016998,10000,,,,,,-0.414524,2.458382,10.809873
uniform,2,183,66249,0.05,,400,13.8,8.4,1.967415,10000,,,,,,-0.320773,2.409516,10.532786
uniform,2,184,66649,0.05,,400,6.2,7.8,1.880948,10000,,,,,,-0.284652,2.320913,9.825932
uniform,2,185,67049,0.05,,400,12.6,9.0,2.005448,10000,,,,,,-0.480943,2.444498,11.72432
uniform,2,186,67449,0.05,,400,7.0,10.6,2.071095,10000,,,,,,-0.491062,2.510112,12.325981
uniform,2,187,67849,0.05,,400,7.0,7.8,2.112084,10000,,,,,,-0.452169,2.551194,12.433006
uniform,2,188,68249,0.05,,400,4.6,11.0,2.0106,10000,,,,,,-0.296407,2.449583,11.378862
uniform,2,189,68649,0.05,,400,12.0,5.0,2.100389,10000,,,,,,-0.428245,2.534784,12.657792
uniform,2,190,69049,0.05,,400,11.0,10.4,2.134053,10000,,,,,,-0.420601,2.574533,12.007324
uniform,2,191,69449,0.05,,400,9.0,10.0,1.983405,10000,,,,,,-0.369196,2.422522,11.235936
uniform,2,192,69849,0.05,,400,13.2,8.8,2.022483,10000,,,,,,-0.443452,2.457107,12.326831
uniform,2,193,70249,0.05,,400,5.2,9.0,2.14634,10000,,,,,,-0.4777,2.585859,12.846962
uniform,2,194,70649,0.05,,400,6.8,7.6,2.133224,10000,,,,,,-0.48275,2.572115,12.556958
uniform,2,195,71049,0.05,,400,8.0,7.8,2.16612,10000,,,,,,-0.448393,2.603572,12.974054
uniform,2,196,71449,0.05,,400,8.8,6.6,2.083932,10000,,,,,,-0.370348,2.524008,11.953321
uniform,2,197,71849,0.05,,400,8.8,6.6,2.024638,10000,,,,,,-0.420726,2.465055,11.704735
uniform,2,198,72249,0.05,,400,7.8,7.0,1.934612,10000,,,,,,-0.43871,2.37218,11.622194
uniform,2,199,72649,0.05,,400,7.2,8.4,2.248587,10000,,,,,,-0.425017,2.692522,12.824168
uniform,2,200,73049,0.05,,400,7.2,8.2,2.227133,10000,,,,,,-0.372654,2.671633,12.112548
prioritized,1,1,400,0.905,,400,11.4,11.0,0.03087,400,0.6,0.44,0.11746,1.776805,0.119996,0.025041,0.27352,0.58742
prioritized,1,2,800,0.81,,400,12.6,14.6,0.063377,800,0.6,0.48,0.350199,2.356108,0.277716,0.132617,0.535316,0.690982
prioritized,1,3,1200,0.715,,400,13.6,15.6,0.052818,1200,0.6,0.52,0.325515,3.333686,0.278867,0.082906,0.481533,0.676862
prioritized,1,4,1600,0.62,,400,15.8,16.8,0.053615,1600,0.6,0.56,0.347469,3.677978,0.273266,0.068451,0.517428,0.752771
prioritized,1,5,2000,0.525,,400,21.8,19.2,0.051052,2000,0.6,0.6,0.349773,4.026859,0.321559,0.04197,0.519483,0.792508
prioritized,1,6,2400,0.43,,400,20.0,22.2,0.055658,2400,0.6,0.64,0.377002,4.498202,0.333863,0.007903,0.584652,0.943268
prioritized,1,7,2789,0.337612,1.0,389,130.45,25.66,0.053034,2789,0.6,0.6789,0.38993,4.603681,0.350198,-0.024172,0.617554,1.020686
prioritized,1,8,3189,0.242613,,400,28.2,24.8,0.100107,3189,0.6,0.7189,0.44584,15.320203,0.531895,1.09026,1.785276,9.430459
prioritized,1,9,3438,0.183475,1.0,249,131.15,28.56,0.093555,3438,0.6,0.7438,0.463307,15.320203,0.574897,0.749686,1.591591,8.609882
prioritized,1,10,3674,0.127425,-1.0,236,26.62,131.22,0.093546,3674,0.6,0.7674,0.475543,15.320203,0.615401,1.678814,2.457435,12.574778
prioritized,1,11,3920,0.069,-1.0,246,26.17,131.17,0.090145,3920,0.6,0.792,0.4435,15.320203,0.67112,2.324367,3.080522,14.780542
prioritized,1,12,4118,0.05,-1.0,198,29.01,131.41,0.099774,4118,0.6,0.8118,0.455569,15.320203,0.66177,2.870986,3.640115,16.275763
prioritized,1,13,4343,0.05,1.0,225,131.27,28.28,0.090386,4343,0.6,0.8343,0.432778,15.320203,0.643571,3.666006,4.346308,18.222578
prioritized,1,14,4743,0.05,,400,28.0,28.0,0.092577,4743,0.6,0.8743,0.458757,15.320203,0.736237,3.725431,4.484615,18.261593
prioritized,1,15,5027,0.05,-1.0,284,26.18,130.98,0.076334,5027,0.6,0.9027,0.442735,15.320203,0.713555,3.3718,4.171847,17.522884
prioritized,1,16,5260,0.05,1.0,233,131.23,28.64,0.072867,5260,0.6,0.926,0.438377,15.320203,0.701037,4.395206,5.159835,19.834332
prioritized,1,17,5518,0.05,-1.0,258,28.51,131.11,0.068455,5518,0.6,0.9518,0.420711,15.320203,0.709899,4.482965,5.294524,20.083353
prioritized,1,18,5858,0.05,-1.0,340,28.3,130.7,0.066539,5858,0.6,0.9858,0.452292,15.320203,0.755361,4.677105,5.554683,20.471569
prioritized,1,19,6209,0.05,1.0,351,130.64,28.25,0.061484,6209,0.6,1.0,0.439519,15.320203,0.70846,4.957131,5.790556,20.926849
prioritized,1,20,6482,0.05,1.0,273,131.03,28.04,0.073001,6482,0.6,1.0,0.473798,15.320203,0.780702,5.126672,6.006165,21.267849
prioritized,1,21,6882,0.05,,400,28.0,27.8,0.068803,6882,0.6,1.0,0.494233,15.320203,0.753842,5.062178,5.946252,20.996517
prioritized,1,22,7181,0.05,1.0,299,130.9,28.31,0.075395,7181,0.6,1.0,0.478505,15.320203,0.811987,4.607624,5.587142,20.162802
prioritized,1,23,7581,0.05,,400,20.6,18.0,0.088404,7581,0.6,1.0,0.52739,15.320203,0.786394,4.367946,5.435963,19.489637
prioritized,1,24,7942,0.05,1.0,361,130.59,28.2,0.08069,7942,0.6,1.0,0.503432,15.320203,0.752292,4.178689,5.226307,19.283892
prioritized,1,25,8342,0.05,,400,18.2,17.4,0.096391,8342,0.6,1.0,0.533048,15.320203,0.805812,4.120961,5.332808,19.222193
prioritized,1,26,8742,0.05,,400,14.4,20.4,0.08897,8742,0.6,1.0,0.533921,15.320203,0.779436,3.858814,5.124651,18.666025
prioritized,1,27,9142,0.05,,400,17.4,20.2,0.103681,9142,0.6,1.0,0.568125,15.320203,0.834309,3.207638,4.711912,17.424072
prioritized,1,28,9542,0.05,,400,11.8,13.8,0.125468,9542,0.6,1.0,0.618037,15.320203,0.827009,3.175192,4.711655,16.845453
prioritized,1,29,9942,0.05,,400,13.0,9.8,0.11813,9942,0.6,1.0,0.583876,15.320203,0.787349,2.75043,4.661666,16.676733
prioritized,1,30,10342,0.05,,400,15.4,14.0,0.138112,10000,0.6,1.0,0.665285,15.320203,0.879432,2.482285,4.531327,15.840936
prioritized,1,31,10742,0.05,,400,5.8,14.2,0.134123,10000,0.6,1.0,0.652408,15.320203,0.860015,2.152654,4.381226,15.403317
prioritized,1,32,11142,0.05,,400,11.6,6.2,0.14769,10000,0.6,1.0,0.665647,15.320203,0.868805,2.085243,4.495037,15.484466
prioritized,1,33,11542,0.05,,400,7.4,10.6,0.15026,10000,0.6,1.0,0.705809,15.320203,0.892459,1.793352,4.526846,15.294432
prioritized,1,34,11942,0.05,,400,5.4,6.4,0.156304,10000,0.6,1.0,0.724942,15.320203,0.931811,1.910403,4.779146,15.753448
prioritized,1,35,12342,0.05,,400,14.8,9.2,0.150113,10000,0.6,1.0,0.690562,15.320203,0.877718,1.738627,4.586605,15.560241
prioritized,1,36,12742,0.05,,400,5.6,11.8,0.17059,10000,0.6,1.0,0.757017,15.320203,0.930176,1.367305,4.726652,15.407431
prioritized,1,37,13142,0.05,,400,8.8,7.2,0.163123,10000,0.6,1.0,0.745754,15.320203,0.968728,1.001556,4.618064,15.057773
prioritized,1,38,13542,0.05,,400,12.4,8.6,0.225161,10000,0.6,1.0,0.88821,15.320203,1.093548,0.96448,5.075034,14.947654
prioritized,1,39,13942,0.05,,400,6.4,5.2,0.194412,10000,0.6,1.0,0.794967,15.320203,0.935298,0.181501,4.760936,14.767519
prioritized,1,40,14342,0.05,,400,5.4,5.2,0.225392,10000,0.6,1.0,0.851868,15.320203,1.025526,-0.045476,4.830499,14.715589
prioritized,1,41,14742,0.05,,400,6.8,5.2,0.223376,10000,0.6,1.0,0.829136,15.320203,0.989818,-0.477051,4.817459,14.866048
prioritized,1,42,15142,0.05,,400,3.4,8.0,0.197576,10000,0.6,1.0,0.772147,15.320203,0.953843,-0.965791,4.827045,15.653931
prioritized,1,43,15542,0.05,,400,9.0,7.4,0.232132,10000,0.6,1.0,0.874665,15.320203,1.036207,-1.380562,5.102858,15.811308
prioritized,1,44,15942,0.05,,400,5.8,7.8,0.283816,10000,0.6,1.0,0.9616,15.69947,1.096562,-1.608202,5.256572,15.771381
prioritized,1,45,16342,0.05,,400,8.2,7.0,0.254211,10000,0.6,1.0,0.885866,18.187059,0.995779,-2.188711,5.35468,16.748907
prioritized,1,46,16742,0.05,,400,6.4,10.0,0.315504,10000,0.6,1.0,1.038391,18.187059,1.17561,-2.16442,5.696356,16.705866
prioritized,1,47,17142,0.05,,400,10.6,4.8,0.295888,10000,0.6,1.0,0.978959,18.883038,1.151324,-2.457997,5.623603,17.53709
prioritized,1,48,17542,0.05,,400,8.8,4.4,0.346781,10000,0.6,1.0,1.055482,18.883038,1.21807,-2.709882,6.146356,18.422672
prioritized,1,49,17942,0.05,,400,6.2,6.8,0.333326,10000,0.6,1.0,1.059323,18.883038,1.211937,-3.264824,6.375294,19.726379
prioritized,1,50,18342,0.05,,400,7.8,4.4,0.376168,10000,0.6,1.0,1.081076,18.883038,1.210828,-3.637673,6.54105,20.289234
prioritized,1,51,18742,0.05,,400,5.6,7.6,0.347929,10000,0.6,1.0,1.069095,18.883038,1.222527,-3.524863,6.83182,21.465925
prioritized,1,52,19142,0.05,,400,11.0,6.2,0.375129,10000,0.6,1.0,1.080944,18.902287,1.311818,-4.063681,7.448441,23.29808
prioritized,1,53,19542,0.05,,400,6.6,7.4,0.406447,10000,0.6,1.0,1.154973,19.430183,1.255401,-3.939131,7.669813,23.888302
prioritized,1,54,19942,0.05,,400,5.2,8.8,0.420975,10000,0.6,1.0,1.135457,20.366373,1.355916,-4.624437,7.8694,25.305382
prioritized,1,55,20342,0.05,,400,5.8,2.0,0.468128,10000,0.6,1.0,1.2604,20.366373,1.41551,-4.565312,8.635753,26.445921
prioritized,1,56,20742,0.05,,400,5.8,7.6,0.435401,10000,0.6,1.0,1.160378,21.248674,1.34521,-4.859132,8.803769,27.792234
prioritized,1,57,21142,0.05,,400,5.4,8.0,0.470298,10000,0.6,1.0,1.203622,21.248674,1.380358,-5.523849,9.130499,29.177345
prioritized,1,58,21542,0.05,,400,5.8,5.4,0.436698,10000,0.6,1.0,1.147995,24.013432,1.378736,-5.886974,9.368791,30.917364
prioritized,1,59,21942,0.05,,400,10.4,6.4,0.496822,10000,0.6,1.0,1.256666,24.013432,1.470263,-6.314675,10.138617,32.448006
prioritized,1,60,22342,0.05,,400,14.4,6.6,0.546274,10000,0.6,1.0,1.333689,25.238935,1.60375,-5.561561,10.517187,32.694271
prioritized,1,61,22742,0.05,,400,6.0,5.2,0.600822,10000,0.6,1.0,1.417448,25.238935,1.664404,-4.978594,10.626461,32.607124
prioritized,1,62,23142,0.05,,400,8.2,7.2,0.572379,10000,0.6,1.0,1.342967,25.238935,1.672763,-5.91666,11.171433,34.824043
prioritized,1,63,23542,0.05,,400,8.2,6.2,0.645389,10000,0.6,1.0,1.507912,26.273518,1.799512,-6.499437,11.991993,36.566921
prioritized,1,64,23942,0.05,,400,8.2,11.6,0.590955,10000,0.6,1.0,1.40207,26.273518,1.649304,-6.832646,11.333135,36.382591
prioritized,1,65,24342,0.05,,400,5.0,7.4,0.5978,10000,0.6,1.0,1.467401,26.273518,1.670053,-7.336685,11.800555,37.852512
prioritized,1,66,24742,0.05,,400,6.4,5.2,0.631821,10000,0.6,1.0,1.46767,26.273518,1.724657,-7.439685,11.834729,38.874428
prioritized,1,67,25142,0.05,,400,8.4,7.6,0.634208,10000,0.6,1.0,1.376752,26.273518,1.622627,-7.893736,12.58634,41.494041
prioritized,1,68,25542,0.05,,400,7.6,11.8,0.690223,10000,0.6,1.0,1.482506,26.82123,1.776743,-8.515305,13.747395,43.570675
prioritized,1,69,25942,0.05,,400,5.4,13.4,0.716188,10000,0.6,1.0,1.53477,26.957869,1.861791,-8.000834,13.699206,43.846375
prioritized,1,70,26342,0.05,,400,5.8,5.4,0.665058,10000,0.6,1.0,1.482495,27.267279,1.804446,-8.734014,13.766833,45.192516
prioritized,1,71,26742,0.05,,400,5.2,4.0,0.683451,10000,0.6,1.0,1.482973,27.974968,1.816203,-9.812968,14.715967,48.406769
prioritized,1,72,27142,0.05,,400,5.8,5.4,0.764709,10000,0.6,1.0,1.548416,29.280506,1.891441,-10.493108,16.22632,51.696552
prioritized,1,73,27542,0.05,,400,6.6,5.0,0.775296,10000,0.6,1.0,1.588883,31.983591,1.980817,-10.550229,16.376324,53.034317
prioritized,1,74,27942,0.05,,400,10.4,7.4,0.781371,10000,0.6,1.0,1.578491,31.983591,2.06813,-11.23854,17.329859,55.771812
prioritized,1,75,28342,0.05,,400,7.0,4.8,0.797137,10000,0.6,1.0,1.598016,31.983591,1.973764,-11.494946,17.761196,57.702415
prioritized,1,76,28742,0.05,,400,9.0,7.6,0.883305,10000,0.6,1.0,1.738264,31.983591,1.991682,-11.726724,18.314238,58.805866
prioritized,1,77,29142,0.05,,400,4.6,9.0,0.901881,10000,0.6,1.0,1.74962,33.156067,2.084766,-11.70436,18.816946,60.484367
prioritized,1,78,29542,0.05,,400,6.2,11.0,0.979559,10000,0.6,1.0,1.857123,33.156067,2.227416,-11.505913,19.126326,60.732723
prioritized,1,79,29942,0.05,,400,8.4,10.8,0.946771,10000,0.6,1.0,1.823517,33.294476,2.260067,-11.660562,18.877613,61.56189
prioritized,1,80,30342,0.05,,400,4.6,3.8,1.048888,10000,0.6,1.0,1.931772,33.603268,2.283373,-11.790846,19.657576,63.239113
prioritized,1,81,30742,0.05,,400,8.8,8.6,0.901131,10000,0.6,1.0,1.744501,33.770809,2.201587,-13.815957,19.759087,66.925728
prioritized,1,82,31142,0.05,,400,7.0,9.4,1.039994,10000,0.6,1.0,1.961246,34.297874,2.330463,-13.779574,21.31568,69.233864
prioritized,1,83,31542,0.05,,400,8.2,4.8,1.112175,10000,0.6,1.0,1.941347,35.087845,2.383238,-13.57802,21.609037,70.616562
prioritized,1,84,31942,0.05,,400,5.8,8.0,1.171838,10000,0.6,1.0,2.061996,36.230015,2.348021,-13.410725,22.252195,71.436134
prioritized,1,85,32342,0.05,,400,5.8,6.0,1.142505,10000,0.6,1.0,2.011499,37.844219,2.493577,-13.668312,22.662315,74.224564
prioritized,1,86,32742,0.05,,400,3.8,12.6,1.240962,10000,0.6,1.0,2.057581,41.382404,2.603568,-13.904034,24.699997,78.608383
prioritized,1,87,33142,0.05,,400,8.0,7.2,1.301497,10000,0.6,1.0,2.037527,41.382404,2.453072,-15.526168,24.291401,79.305122
prioritized,1,88,33542,0.05,,400,4.0,5.4,1.243049,10000,0.6,1.0,2.150926,41.382404,2.550551,-16.391579,25.703203,83.186485
prioritized,1,89,33942,0.05,,400,5.6,5.6,1.151692,10000,0.6,1.0,1.95631,41.382404,2.507182,-17.511843,25.845936,86.661148
prioritized,1,90,34342,0.05,,400,9.6,7.2,1.261101,10000,0.6,1.0,2.130113,41.382404,2.722562,-17.639505,27.384966,89.465286
prioritized,1,91,34742,0.05,,400,7.2,8.8,1.218124,10000,0.6,1.0,1.958084,41.382404,2.511963,-20.166904,28.429638,94.463104
prioritized,1,92,35142,0.05,,400,14.4,6.4,1.223236,10000,0.6,1.0,2.065523,41.382404,2.643589,-19.901724,28.501318,94.976692
prioritized,1,93,35542,0.05,,400,9.8,8.8,1.334846,10000,0.6,1.0,2.100475,41.382404,2.730014,-21.415833,30.271896,98.914017
prioritized,1,94,35942,0.05,,400,9.0,7.2,1.326306,10000,0.6,1.0,2.143886,41.999149,2.785174,-19.974943,29.859375,98.64222
prioritized,1,95,36342,0.05,,400,4.8,6.0,1.513545,10000,0.6,1.0,2.298683,43.119118,2.88058,-21.496841,30.98164,101.300385
prioritized,1,96,36742,0.05,,400,5.0,8.4,1.564426,10000,0.6,1.0,2.404437,44.175678,2.909866,-19.057068,31.672657,101.42746
prioritized,1,97,37142,0.05,,400,8.8,5.8,1.574042,10000,0.6,1.0,2.402773,50.39497,2.951529,-19.041265,31.518198,104.484329
prioritized,1,98,37542,0.05,,400,9.0,8.6,1.660941,10000,0.6,1.0,2.456972,50.39497,3.033962,-20.944048,33.602901,109.197342
prioritized,1,99,37942,0.05,,400,7.8,12.0,1.755188,10000,0.6,1.0,2.622814,50.39497,3.160127,-22.190123,35.436703,113.775253
prioritized,1,100,38342,0.05,,400,4.6,4.6,1.615883,10000,0.6,1.0,2.404637,50.39497,3.117953,-22.997734,34.238213,115.929825
prioritized,1,101,38742,0.05,,400,6.8,5.6,2.015982,10000,0.6,1.0,2.788113,50.39497,3.302585,-23.21557,38.081547,120.682625
prioritized,1,102,39142,0.05,,400,5.4,5.2,1.715308,10000,0.6,1.0,2.415166,50.39497,3.052026,-23.843445,36.234062,123.115486
prioritized,1,103,39542,0.05,,400,5.2,7.8,1.652627,10000,0.6,1.0,2.348562,50.39497,3.16612,-29.583681,40.71703,135.310791
prioritized,1,104,39942,0.05,,400,7.8,7.8,1.782828,10000,0.6,1.0,2.483349,50.39497,3.377078,-28.46521,42.170822,137.828827
prioritized,1,105,40342,0.05,,400,8.4,10.2,2.008098,10000,0.6,1.0,2.78089,50.993778,3.536541,-25.58461,40.852562,133.882568
prioritized,1,106,40742,0.05,,400,5.4,5.0,2.053652,10000,0.6,1.0,2.831294,52.489628,3.531833,-27.782669,43.208271,139.940155
prioritized,1,107,41142,0.05,,400,8.4,6.6,1.945165,10000,0.6,1.0,2.66645,53.297848,3.349145,-28.868986,41.626816,141.707672
prioritized,1,108,41542,0.05,,400,10.8,5.6,2.205777,10000,0.6,1.0,3.000685,56.839195,3.685991,-31.079643,46.730782,152.487228
prioritized,1,109,41942,0.05,,400,6.0,11.8,2.081554,10000,0.6,1.0,2.790836,56.839195,3.427584,-31.363132,47.006573,156.395325
prioritized,1,110,42342,0.05,,400,6.6,6.6,2.115734,10000,0.6,1.0,2.80382,56.839195,3.58094,-32.986706,46.503437,158.649353
prioritized,1,111,42742,0.05,,400,4.4,9.6,2.544458,10000,0.6,1.0,3.257658,58.21207,3.904292,-28.773272,49.406387,159.788651
prioritized,1,112,43142,0.05,,400,9.6,10.0,2.674888,10000,0.6,1.0,3.360049,58.741474,3.995921,-29.936943,51.295235,163.585999
prioritized,1,113,43542,0.05,,400,5.0,7.6,2.660925,10000,0.6,1.0,3.303292,59.972771,3.931432,-31.458757,52.505299,170.49733
prioritized,1,114,43942,0.05,,400,9.4,9.2,2.27921,10000,0.6,1.0,2.826301,67.719658,3.7237,-37.045044,54.075008,184.809387
prioritized,1,115,44342,0.05,,400,12.4,10.6,2.51741,10000,0.6,1.0,3.211902,67.719658,4.024309,-38.059715,56.57872,187.987991
prioritized,1,116,44742,0.05,,400,5.0,6.8,2.651355,10000,0.6,1.0,3.126811,67.719658,3.925562,-39.288502,57.234726,192.282852
prioritized,1,117,45142,0.05,,400,6.8,9.6,2.960871,10000,0.6,1.0,3.4777,67.719658,4.438712,-40.89679,59.263927,195.157181
prioritized,1,118,45542,0.05,,400,6.2,9.4,2.839152,10000,0.6,1.0,3.363124,67.719658,4.193788,-41.229889,60.696709,201.684631
prioritized,1,119,45942,0.05,,400,8.6,7.0,2.632503,10000,0.6,1.0,3.052652,67.719658,4.109348,-48.819599,65.707504,220.194305
prioritized,1,120,46342,0.05,,400,5.8,8.6,2.948261,10000,0.6,1.0,3.480765,67.719658,4.467222,-47.721523,67.551697,221.913025
prioritized,1,121,46742,0.05,,400,9.4,7.0,3.095541,10000,0.6,1.0,3.544631,68.415604,4.653454,-43.850819,68.15612,222.831741
prioritized,1,122,47142,0.05,,400,4.6,6.2,3.111361,10000,0.6,1.0,3.500532,68.952415,4.521202,-44.562923,70.124649,228.172714
prioritized,1,123,47542,0.05,,400,11.2,8.8,3.028029,10000,0.6,1.0,3.468758,70.620377,4.693181,-50.669853,74.520775,242.242401
prioritized,1,124,47942,0.05,,400,5.8,7.4,3.109128,10000,0.6,1.0,3.548257,71.991936,4.702462,-43.783924,72.000465,237.881271
prioritized,1,125,48342,0.05,,400,10.0,11.2,3.03643,10000,0.6,1.0,3.387631,72.657677,4.414782,-51.933769,70.822166,242.805954
prioritized,1,126,48742,0.05,,400,5.6,5.4,3.297906,10000,0.6,1.0,3.69497,73.020996,4.59027,-52.774307,74.342865,248.757935
prioritized,1,127,49142,0.05,,400,9.0,4.8,3.466175,10000,0.6,1.0,3.806549,75.098923,4.804531,-45.854313,71.919724,243.493866
prioritized,1,128,49542,0.05,,400,6.6,9.0,3.449501,10000,0.6,1.0,3.497045,76.820183,4.546789,-52.591984,75.134865,257.865662
prioritized,1,129,49942,0.05,,400,5.8,6.6,3.440262,10000,0.6,1.0,3.834558,77.392326,4.845949,-55.164936,78.495247,265.788727
prioritized,1,130,50342,0.05,,400,9.4,12.4,3.514202,10000,0.6,1.0,3.690704,77.392326,4.951901,-60.389149,82.249657,278.848511
prioritized,1,131,50742,0.05,,400,7.2,8.8,3.724231,10000,0.6,1.0,4.033128,79.465996,5.145576,-58.98716,85.178711,283.555847
prioritized,1,132,51142,0.05,,400,4.4,12.0,3.523345,10000,0.6,1.0,3.729875,80.940628,4.837555,-63.390568,86.378204,294.422363
prioritized,1,133,51542,0.05,,400,7.6,5.6,3.703935,10000,0.6,1.0,3.888646,81.597908,5.028023,-64.042885,89.28891,303.395386
prioritized,1,134,51942,0.05,,400,6.6,6.0,4.037604,10000,0.6,1.0,4.058189,82.154213,5.10224,-62.387009,91.795959,306.661743
prioritized,1,135,52342,0.05,,400,14.0,7.4,4.088558,10000,0.6,1.0,4.013934,84.98304,5.295162,-69.25811,94.415627,320.843933
prioritized,1,136,52742,0.05,,400,6.4,6.2,3.8413,10000,0.6,1.0,3.999554,86.633316,5.75051,-67.218742,97.0746,327.738159
prioritized,1,137,53142,0.05,,400,5.4,14.2,3.809844,10000,0.6,1.0,3.740013,86.633316,5.127762,-80.184433,103.244392,349.772461
prioritized,1,138,53542,0.05,,400,5.6,9.6,4.155922,10000,0.6,1.0,4.35728,87.951347,5.674833,-71.227081,105.183456,344.871857
prioritized,1,139,53942,0.05,,400,8.2,10.4,4.752237,10000,0.6,1.0,4.786016,90.290009,6.056243,-64.547562,101.451195,334.293182
prioritized,1,140,54342,0.05,,400,5.8,5.4,5.169677,10000,0.6,1.0,4.991,90.290009,5.859513,-60.993477,102.591164,336.028412
prioritized,1,141,54742,0.05,,400,9.0,11.2,4.869697,10000,0.6,1.0,4.606193,99.270195,6.039599,-71.038689,109.258835,365.126312
prioritized,1,142,55142,0.05,,400,11.8,7.0,4.828018,10000,0.6,1.0,4.475753,99.270195,5.806282,-80.673187,115.395203,384.400665
prioritized,1,143,55542,0.05,,400,9.2,5.8,4.819415,10000,0.6,1.0,4.626946,99.270195,5.93836,-70.308289,105.651093,363.798401
prioritized,1,144,55942,0.05,,400,9.0,10.6,4.81993,10000,0.6,1.0,4.437163,99.270195,5.77335,-85.504875,120.451927,402.497406
prioritized,1,145,56342,0.05,,400,6.0,9.4,4.843126,10000,0.6,1.0,4.539616,99.270195,6.069267,-87.093323,118.401588,402.108215
prioritized,1,146,56742,0.05,,400,9.0,11.6,4.529021,10000,0.6,1.0,4.340093,99.270195,5.975143,-85.212547,118.474495,407.724487
prioritized,1,147,57142,0.05,,400,4.2,6.8,5.214124,10000,0.6,1.0,4.869085,99.270195,6.138911,-90.680389,126.424393,421.178802
prioritized,1,148,57542,0.05,,400,5.4,5.4,5.418721,10000,0.6,1.0,4.834402,99.270195,6.52213,-85.403503,128.314728,426.970825
prioritized,1,149,57942,0.05,,400,5.4,10.8,5.897843,10000,0.6,1.0,5.357675,102.176353,6.768195,-88.247734,137.931915,442.686035
prioritized,1,150,58342,0.05,,400,8.0,9.8,5.477915,10000,0.6,1.0,4.651933,102.176353,6.252759,-101.854279,139.151733,465.38385
prioritized,1,151,58742,0.05,,400,8.0,8.0,5.768377,10000,0.6,1.0,4.853793,104.845016,6.595833,-107.671608,145.118744,480.630554
prioritized,1,152,59142,0.05,,400,4.8,8.0,6.190843,10000,0.6,1.0,5.388321,105.872108,6.876061,-104.739258,146.321274,480.29187
prioritized,1,153,59542,0.05,,400,14.6,4.8,6.108607,10000,0.6,1.0,5.017993,108.751282,6.468686,-114.419807,148.314758,500.21402
prioritized,1,154,59942,0.05,,400,6.8,10.4,5.999942,10000,0.6,1.0,5.131637,110.089508,6.679849,-114.513847,153.024063,513.09491
prioritized,1,155,60342,0.05,,400,6.4,6.6,6.364903,10000,0.6,1.0,5.382075,111.289536,6.988757,-113.535255,156.397263,519.54718
prioritized,1,156,60742,0.05,,400,11.0,8.8,6.737143,10000,0.6,1.0,5.59268,112.786598,7.369955,-112.385559,158.306625,526.382629
prioritized,1,157,61142,0.05,,400,5.8,15.6,6.423225,10000,0.6,1.0,5.203143,114.110748,7.070996,-129.451019,169.70282,563.24115
prioritized,1,158,61542,0.05,,400,7.2,7.2,6.341106,10000,0.6,1.0,5.097642,116.056862,6.886686,-128.539566,169.846634,570.733582
prioritized,1,159,61942,0.05,,400,11.8,7.8,6.730824,10000,0.6,1.0,5.626327,117.79187,7.561011,-136.87677,180.575745,590.194519
prioritized,1,160,62342,0.05,,400,5.4,9.2,6.251172,10000,0.6,1.0,5.177082,122.34655,7.381001,-138.504822,182.7686,609.286621
prioritized,1,161,62742,0.05,,400,7.0,6.4,6.250059,10000,0.6,1.0,5.244035,122.34655,7.323742,-148.94191,186.185471,619.710571
prioritized,1,162,63142,0.05,,400,11.8,10.2,6.590651,10000,0.6,1.0,5.317646,122.34655,7.436781,-153.737869,192.850082,641.211792
prioritized,1,163,63542,0.05,,400,6.4,4.4,6.794944,10000,0.6,1.0,5.460714,123.180649,7.443194,-151.343979,193.903625,643.580322
prioritized,1,164,63942,0.05,,400,5.0,7.8,7.842225,10000,0.6,1.0,5.901441,123.180649,7.620819,-140.341949,192.082504,635.521851
prioritized,1,165,64342,0.05,,400,14.4,14.2,7.380213,10000,0.6,1.0,5.958856,124.942444,7.892941,-134.709915,189.831497,636.978271
prioritized,1,166,64742,0.05,,400,7.6,6.4,6.866801,10000,0.6,1.0,5.273932,126.892395,7.459802,-154.584991,192.362503,661.334473
prioritized,1,167,65142,0.05,,400,6.4,4.6,7.227183,10000,0.6,1.0,5.821798,126.892395,7.911504,-152.27034,200.893555,671.743347
prioritized,1,168,65542,0.05,,400,6.8,5.4,7.545842,10000,0.6,1.0,5.754649,128.349045,8.019378,-156.865662,204.307312,687.830688
prioritized,1,169,65942,0.05,,400,7.8,8.8,7.754114,10000,0.6,1.0,6.124429,130.772873,7.964106,-161.174469,207.897614,695.596375
prioritized,1,170,66342,0.05,,400,11.6,8.0,8.513519,10000,0.6,1.0,6.625843,131.671997,8.703417,-151.527634,207.217224,693.669006
prioritized,1,171,66742,0.05,,400,9.0,6.8,9.445791,10000,0.6,1.0,6.88751,133.438782,8.942729,-146.13031,205.41983,691.742004
prioritized,1,172,67142,0.05,,400,8.6,5.8,7.876308,10000,0.6,1.0,5.703117,136.189575,7.989768,-164.280991,215.655762,740.110535
prioritized,1,173,67542,0.05,,400,8.0,6.8,8.076479,10000,0.6,1.0,6.155039,136.483932,8.548007,-181.271881,236.839493,788.57959
prioritized,1,174,67942,0.05,,400,7.6,15.2,7.628455,10000,0.6,1.0,5.888256,139.531403,8.785341,-174.518433,238.237778,791.762146
prioritized,1,175,68342,0.05,,400,11.4,7.4,9.010928,10000,0.6,1.0,6.466806,141.130219,8.806858,-181.327621,247.869339,807.986206
prioritized,1,176,68742,0.05,,400,6.0,6.8,8.983433,10000,0.6,1.0,6.338656,141.130219,8.428266,-179.110626,241.876053,808.279419
prioritized,1,177,69142,0.05,,400,7.6,7.8,8.174383,10000,0.6,1.0,6.239769,141.698914,8.865496,-186.957031,244.828552,824.305176
prioritized,1,178,69542,0.05,,400,6.0,5.8,10.195392,10000,0.6,1.0,7.197319,145.790527,9.393699,-191.397461,258.304932,837.759094
prioritized,1,179,69942,0.05,,400,6.6,11.6,10.244257,10000,0.6,1.0,7.287215,147.206757,9.516592,-181.258011,254.691132,841.251831
prioritized,1,180,70342,0.05,,400,7.6,10.8,10.880731,10000,0.6,1.0,7.388117,154.709503,9.666954,-174.784576,267.818909,868.168152
prioritized,1,181,70742,0.05,,400,4.6,8.2,9.560673,10000,0.6,1.0,6.526912,154.709503,9.207977,-194.421387,261.117828,890.262329
prioritized,1,182,71142,0.05,,400,6.0,8.6,11.155629,10000,0.6,1.0,7.625827,154.709503,10.0577,-191.994263,283.651245,921.534729
prioritized,1,183,71542,0.05,,400,6.0,9.8,10.558367,10000,0.6,1.0,7.149704,154.709503,9.62972,-203.922134,272.698639,922.083618
prioritized,1,184,71942,0.05,,400,7.2,8.6,11.540542,10000,0.6,1.0,7.762889,156.272156,10.165834,-211.7043,283.080444,944.1026
prioritized,1,185,72342,0.05,,400,8.0,6.8,12.968001,10000,0.6,1.0,8.429291,159.16774,10.405946,-192.948959,288.932922,939.15802
prioritized,1,186,72742,0.05,,400,9.2,6.6,11.040481,10000,0.6,1.0,7.329993,161.114487,10.17284,-216.408127,287.807007,978.03241
prioritized,1,187,73142,0.05,,400,5.0,11.8,11.011895,10000,0.6,1.0,7.22588,165.769714,10.549888,-236.184097,310.933472,1044.602539
prioritized,1,188,73542,0.05,,400,10.8,11.0,11.73642,10000,0.6,1.0,7.75979,165.769714,10.347194,-234.055573,319.57254,1053.763794
prioritized,1,189,73942,0.05,,400,9.2,5.8,10.738831,10000,0.6,1.0,7.31678,166.820953,10.327905,-238.907074,310.46521,1055.957275
prioritized,1,190,74342,0.05,,400,9.6,5.2,12.333005,10000,0.6,1.0,7.954105,168.078598,10.669798,-244.752029,332.394684,1094.302368
prioritized,1,191,74742,0.05,,400,12.2,5.2,11.450568,10000,0.6,1.0,7.421197,170.756882,11.142512,-252.642776,329.269623,1112.44043
prioritized,1,192,75142,0.05,,400,8.6,10.0,11.720591,10000,0.6,1.0,7.685893,172.408325,10.704206,-266.770142,346.151184,1150.333008
prioritized,1,193,75542,0.05,,400,12.4,10.2,12.563527,10000,0.6,1.0,8.16951,188.039185,11.394695,-255.744812,345.1922,1150.455322
prioritized,1,194,75942,0.05,,400,11.0,6.8,12.78519,10000,0.6,1.0,7.997779,188.039185,11.24242,-265.493622,341.610626,1156.282349
prioritized,1,195,76342,0.05,,400,6.8,14.0,13.610417,10000,0.6,1.0,8.471559,188.039185,11.26509,-258.94873,349.760437,1175.374634
prioritized,1,196,76742,0.05,,400,6.6,6.6,13.857851,10000,0.6,1.0,8.415455,188.039185,11.357594,-255.373627,349.072266,1188.938721
prioritized,1,197,77142,0.05,,400,4.6,4.4,13.512694,10000,0.6,1.0,8.260229,188.039185,11.265638,-281.095245,376.097748,1255.511719
prioritized,1,198,77542,0.05,,400,10.6,6.2,12.790791,10000,0.6,1.0,7.645063,188.039185,10.757845,-306.790222,378.91983,1290.90332
prioritized,1,199,77942,0.05,,400,5.6,9.0,13.000744,10000,0.6,1.0,8.163336,189.870834,11.89026,-320.543335,409.323242,1350.48645
prioritized,1,200,78342,0.05,,400,12.2,8.4,13.354096,10000,0.6,1.0,8.484092,189.870834,11.673829,-292.927734,380.118561,1295.546387
prioritized,2,1,400,0.905,,400,12.4,8.8,0.018508,400,0.6,0.44,0.111726,1.54378,0.129778,0.02764,0.194067,0.450667
prioritized,2,2,800,0.81,,400,13.6,10.0,0.050158,800,0.6,0.48,0.252967,1.426656,0.204179,0.132527,0.461504,0.657007
prioritized,2,3,1200,0.715,,400,12.0,11.6,0.059764,1200,0.6,0.52,0.319331,2.717938,0.249014,0.097342,0.518968,0.707854
prioritized,2,4,1600,0.62,,400,15.2,23.2,0.034153,1600,0.6,0.56,0.275157,3.158908,0.23156,0.056786,0.385346,0.581068
prioritized,2,5,2000,0.525,,400,25.2,27.8,0.038348,2000,0.6,0.6,0.31282,3.163377,0.261535,0.019348,0.430381,0.610036
prioritized,2,6,2400,0.43,,400,25.0,26.0,0.043699,2400,0.6,0.64,0.351726,4.788133,0.304044,0.034775,0.503095,0.771801
prioritized,2,7,2800,0.335,,400,27.6,25.4,0.045527,2800,0.6,0.68,0.36022,4.788133,0.3135,0.001071,0.538694,0.805314
prioritized,2,8,3100,0.26375,-1.0,300,25.1,130.9,0.041474,3100,0.6,0.71,0.357492,5.10325,0.319657,-0.022184,0.543226,0.924625
prioritized,2,9,3321,0.211263,1.0,221,131.29,25.9,0.063438,3321,0.6,0.7321,0.381545,15.396718,0.540169,1.203444,1.769942,10.807219
prioritized,2,10,3557,0.155213,-1.0,236,26.62,131.22,0.063541,3557,0.6,0.7557,0.358396,15.279779,0.516792,2.024548,2.531339,13.764501
prioritized,2,11,3766,0.105575,1.0,209,131.35,23.96,0.079537,3766,0.6,0.7766,0.385564,15.396718,0.620892,2.630884,3.181865,15.491822
prioritized,2,12,3979,0.054987,1.0,213,131.33,28.74,0.075064,3979,0.6,0.7979,0.376487,15.334241,0.599142,3.548427,4.092652,17.922974
prioritized,2,13,4197,0.05,-1.0,218,25.91,131.31,0.093241,4197,0.6,0.8197,0.398606,15.299248,0.637179,4.294758,4.858199,19.554829
prioritized,2,14,4429,0.05,-1.0,232,28.44,131.24,0.087885,4429,0.6,0.8429,0.414383,15.396718,0.706653,5.006916,5.520032,20.993847
prioritized,2,15,4571,0.05,-1.0,142,23.69,131.69,0.083666,4571,0.6,0.8571,0.380861,15.396718,0.686558,5.312382,5.827315,21.537949
prioritized,2,16,4713,0.05,-1.0,142,26.69,131.69,0.078426,4713,0.6,0.8713,0.384889,15.396718,0.74358,6.008467,6.501098,22.796576
prioritized,2,17,4927,0.05,-1.0,214,28.93,131.33,0.08217,4927,0.6,0.8927,0.411557,15.21127,0.733116,6.287063,6.849819,23.294607
prioritized,2,18,5083,0.05,-1.0,156,29.22,131.62,0.07665,5083,0.6,0.9083,0.410782,15.212516,0.748574,6.857911,7.391539,24.252014
prioritized,2,19,5233,0.05,-1.0,150,27.05,131.65,0.085841,5233,0.6,0.9233,0.45592,15.396718,0.837933,6.411124,6.997321,23.476665
prioritized,2,20,5450,0.05,1.0,217,131.31,29.12,0.089973,5450,0.6,0.945,0.453828,15.396718,0.84136,6.388165,7.072459,23.426212
prioritized,2,21,5677,0.05,1.0,227,131.26,26.27,0.084901,5677,0.6,0.9677,0.481562,15.396718,0.905189,6.498601,7.158035,23.529249
prioritized,2,22,5815,0.05,-1.0,138,16.51,131.71,0.08313,5815,0.6,0.9815,0.465129,15.396718,0.888224,7.493047,8.130784,24.993164
prioritized,2,23,6051,0.05,-1.0,236,26.62,131.22,0.080944,6051,0.6,1.0,0.479986,15.396718,0.876456,7.864613,8.513522,25.516417
prioritized,2,24,6451,0.05,,400,23.0,25.0,0.079094,6451,0.6,1.0,0.492276,15.396718,0.853574,7.086049,7.752326,24.243687
prioritized,2,25,6670,0.05,1.0,219,131.3,26.71,0.069717,6670,0.6,1.0,0.470889,15.396718,0.872224,6.866887,7.540251,23.859808
prioritized,2,26,6873,0.05,1.0,203,131.38,28.99,0.081642,6873,0.6,1.0,0.470213,15.396718,0.860062,7.251323,7.951126,24.484037
prioritized,2,27,7204,0.05,1.0,331,130.74,28.35,0.076431,7204,0.6,1.0,0.458887,15.396718,0.889914,7.086632,7.800374,24.298992
prioritized,2,28,7412,0.05,-1.0,208,24.36,131.36,0.081728,7412,0.6,1.0,0.46822,15.396718,0.898469,6.992693,7.746603,24.097322
prioritized,2,29,7608,0.05,-1.0,196,28.42,131.42,0.077488,7608,0.6,1.0,0.469239,15.396718,0.886474,7.737417,8.425139,25.17205
prioritized,2,30,7794,0.05,-1.0,186,23.47,131.47,0.083749,7794,0.6,1.0,0.463889,15.396718,0.896051,7.41428,8.220866,24.706093
prioritized,2,31,8194,0.05,,400,25.6,23.4,0.087778,8194,0.6,1.0,0.496574,15.396718,0.872147,7.50413,8.309772,24.749582
prioritized,2,32,8594,0.05,,400,18.2,23.0,0.087651,8594,0.6,1.0,0.512913,15.396718,0.920212,6.715815,7.576172,23.494894
prioritized,2,33,8789,0.05,1.0,195,131.42,26.83,0.084231,8789,0.6,1.0,0.496523,15.396718,0.875688,6.468962,7.363398,23.100237
prioritized,2,34,9189,0.05,,400,18.8,21.0,0.093798,9189,0.6,1.0,0.49429,15.396718,0.872059,6.390642,7.370409,23.014326
prioritized,2,35,9589,0.05,,400,23.6,18.2,0.10353,9589,0.6,1.0,0.547355,15.396718,0.88439,5.900465,6.926416,21.968798
prioritized,2,36,9989,0.05,,400,19.6,22.4,0.096751,9989,0.6,1.0,0.509608,15.396718,0.842577,5.747006,6.813749,21.662117
prioritized,2,37,10389,0.05,,400,18.0,23.2,0.102946,10000,0.6,1.0,0.537048,15.396718,0.870296,5.438961,6.694635,21.367529
prioritized,2,38,10789,0.05,,400,17.4,9.6,0.102633,10000,0.6,1.0,0.539669,15.396718,0.87291,5.167409,6.439397,20.832197
prioritized,2,39,11189,0.05,,400,6.8,10.6,0.112626,10000,0.6,1.0,0.570667,15.396718,0.908182,4.880484,6.39106,20.472637
prioritized,2,40,11589,0.05,,400,17.6,10.4,0.12774,10000,0.6,1.0,0.610805,15.396718,0.887457,4.456629,6.219546,19.886124
prioritized,2,41,11989,0.05,,400,19.6,13.4,0.123766,10000,0.6,1.0,0.605428,15.396718,0.897577,3.997437,5.90211,19.31175
prioritized,2,42,12389,0.05,,400,9.6,8.0,0.126546,10000,0.6,1.0,0.613532,15.396718,0.923747,4.104187,6.227063,19.858744
prioritized,2,43,12789,0.05,,400,8.6,14.2,0.135933,10000,0.6,1.0,0.631909,15.396718,0.936391,3.890589,6.141763,19.51796
prioritized,2,44,13189,0.05,,400,10.2,6.6,0.173768,10000,0.6,1.0,0.707882,15.396718,0.963099,3.36888,5.900339,18.244892
prioritized,2,45,13589,0.05,,400,9.6,6.2,0.181771,10000,0.6,1.0,0.733621,15.396718,0.979146,2.732602,5.509118,17.104008
prioritized,2,46,13989,0.05,,400,9.2,10.6,0.150105,10000,0.6,1.0,0.666776,15.396718,0.9415,2.059143,5.14697,16.686127
prioritized,2,47,14389,0.05,,400,8.8,9.2,0.141827,10000,0.6,1.0,0.65907,15.396718,0.934815,1.883602,5.289577,16.824343
prioritized,2,48,14789,0.05,,400,7.4,5.4,0.234363,10000,0.6,1.0,0.841173,15.396718,0.996268,0.822817,5.068388,14.868563
prioritized,2,49,15189,0.05,,400,7.8,6.6,0.198635,10000,0.6,1.0,0.816016,15.396718,1.005768,0.663482,4.566315,13.917023
prioritized,2,50,15589,0.05,,400,9.0,6.0,0.234233,10000,0.6,1.0,0.864524,15.396718,1.043533,-0.030143,4.697254,13.930089
prioritized,2,51,15989,0.05,,400,5.2,5.2,0.287587,10000,0.6,1.0,0.964482,15.622203,1.046745,-0.731797,4.956983,13.928937
prioritized,2,52,16389,0.05,,400,5.0,6.8,0.226811,10000,0.6,1.0,0.844046,15.622203,0.953892,-1.249043,4.518513,14.114845
prioritized,2,53,16789,0.05,,400,10.2,6.8,0.2563,10000,0.6,1.0,0.873701,15.622203,1.031176,-1.296326,5.096077,15.468423
prioritized,2,54,17189,0.05,,400,7.0,6.4,0.214036,10000,0.6,1.0,0.835645,17.45233,1.0532,-2.076073,4.961187,15.96397
prioritized,2,55,17589,0.05,,400,11.8,4.8,0.248703,10000,0.6,1.0,0.894747,17.45233,1.0151,-1.991124,5.218593,16.228649
prioritized,2,56,17989,0.05,,400,5.6,5.6,0.336794,10000,0.6,1.0,1.055735,17.45233,1.233587,-1.88346,5.805522,16.43668
prioritized,2,57,18389,0.05,,400,5.2,7.0,0.338949,10000,0.6,1.0,1.04876,18.43676,1.185779,-2.411144,5.953872,17.466328
prioritized,2,58,18789,0.05,,400,6.6,6.6,0.339937,10000,0.6,1.0,1.020819,18.43676,1.202648,-2.845517,6.46469,19.498463
prioritized,2,59,19189,0.05,,400,8.8,4.2,0.350107,10000,0.6,1.0,1.057223,18.43676,1.270763,-3.085524,6.800982,20.730196
prioritized,2,60,19589,0.05,,400,5.4,5.4,0.384475,10000,0.6,1.0,1.120334,18.43676,1.283434,-3.381278,7.187304,21.42193
prioritized,2,61,19989,0.05,,400,7.8,5.0,0.401816,10000,0.6,1.0,1.136562,18.623631,1.329516,-3.194794,7.452491,22.171247
prioritized,2,62,20389,0.05,,400,11.2,4.8,0.394591,10000,0.6,1.0,1.120998,19.909246,1.279543,-3.619457,7.954136,24.010002
prioritized,2,63,20789,0.05,,400,9.4,6.8,0.418766,10000,0.6,1.0,1.187692,21.066904,1.40804,-4.150205,8.179893,25.032412
prioritized,2,64,21189,0.05,,400,11.6,5.4,0.437104,10000,0.6,1.0,1.199371,21.066904,1.392556,-4.833327,8.331376,26.001055
prioritized,2,65,21589,0.05,,400,5.4,5.2,0.44065,10000,0.6,1.0,1.160265,21.066904,1.328867,-5.356688,8.670806,27.56834
prioritized,2,66,21989,0.05,,400,5.6,5.2,0.496344,10000,0.6,1.0,1.288504,21.156046,1.525753,-4.726029,9.142767,28.073072
prioritized,2,67,22389,0.05,,400,6.2,9.4,0.516371,10000,0.6,1.0,1.307532,21.464659,1.495008,-5.077368,9.787058,29.895613
prioritized,2,68,22789,0.05,,400,9.0,8.2,0.45325,10000,0.6,1.0,1.214886,22.111504,1.474793,-5.535781,9.561646,30.999315
prioritized,2,69,23189,0.05,,400,5.2,7.6,0.439632,10000,0.6,1.0,1.148814,22.111504,1.406874,-6.473572,9.930068,32.71806
prioritized,2,70,23589,0.05,,400,6.0,8.4,0.589995,10000,0.6,1.0,1.392628,22.657429,1.698941,-4.715902,11.424512,33.250397
prioritized,2,71,23989,0.05,,400,9.6,11.2,0.629823,10000,0.6,1.0,1.462513,25.544245,1.75962,-4.985041,11.728987,34.38562
prioritized,2,72,24389,0.05,,400,8.2,5.0,0.592584,10000,0.6,1.0,1.397972,25.544245,1.66664,-6.791105,11.300427,35.438053
prioritized,2,73,24789,0.05,,400,9.4,9.4,0.584732,10000,0.6,1.0,1.327516,25.544245,1.57001,-7.565866,11.856714,37.80645
prioritized,2,74,25189,0.05,,400,7.8,6.0,0.637087,10000,0.6,1.0,1.428678,25.544245,1.698704,-6.541687,12.164837,37.955303
prioritized,2,75,25589,0.05,,400,6.2,5.8,0.618588,10000,0.6,1.0,1.444137,25.544245,1.737335,-6.784601,12.720453,39.391266
prioritized,2,76,25989,0.05,,400,5.2,11.6,0.568702,10000,0.6,1.0,1.341784,25.544245,1.723408,-7.668314,12.726426,41.458443
prioritized,2,77,26389,0.05,,400,5.0,6.2,0.726733,10000,0.6,1.0,1.527758,26.13583,1.802176,-8.3056,13.26405,41.790207
prioritized,2,78,26789,0.05,,400,10.6,5.0,0.690102,10000,0.6,1.0,1.491668,26.914579,1.819965,-7.63772,12.956059,42.284958
prioritized,2,79,27189,0.05,,400,5.4,5.0,0.626223,10000,0.6,1.0,1.423741,27.011635,1.710455,-9.891467,14.373605,46.92905
prioritized,2,80,27589,0.05,,400,5.4,6.0,0.763129,10000,0.6,1.0,1.619851,27.452246,1.901594,-9.323491,14.937534,46.808266
prioritized,2,81,27989,0.05,,400,7.6,11.4,0.733217,10000,0.6,1.0,1.549502,28.15671,1.886616,-8.946585,14.591328,47.685753
prioritized,2,82,28389,0.05,,400,5.8,5.0,0.89224,10000,0.6,1.0,1.744677,31.528616,2.078366,-8.394195,15.701511,48.636578
prioritized,2,83,28789,0.05,,400,6.2,8.8,0.680099,10000,0.6,1.0,1.437493,31.528616,1.861602,-10.139861,16.141708,53.451279
prioritized,2,84,29189,0.05,,400,8.6,6.6,0.894964,10000,0.6,1.0,1.711089,31.528616,2.051728,-10.107244,17.1619,53.827145
prioritized,2,85,29589,0.05,,400,6.4,5.6,0.871015,10000,0.6,1.0,1.737295,31.528616,1.970696,-10.782722,16.775352,53.743343
prioritized,2,86,29989,0.05,,400,7.0,4.8,0.906356,10000,0.6,1.0,1.79299,31.528616,2.164283,-9.311392,16.860334,53.801037
prioritized,2,87,30389,0.05,,400,3.6,5.6,1.004941,10000,0.6,1.0,1.892711,33.693275,2.187493,-10.364612,17.890993,56.451923
prioritized,2,88,30789,0.05,,400,7.4,5.0,1.025402,10000,0.6,1.0,1.896833,33.693275,2.216171,-11.171989,18.850002,59.734425
prioritized,2,89,31189,0.05,,400,6.8,5.4,0.950965,10000,0.6,1.0,1.777247,33.693275,2.172458,-10.364778,18.671227,61.112137
prioritized,2,90,31589,0.05,,400,7.4,9.4,1.120553,10000,0.6,1.0,1.983963,34.137383,2.325854,-12.674799,20.26376,64.19548
prioritized,2,91,31989,0.05,,400,6.2,5.0,1.030765,10000,0.6,1.0,1.889864,34.737354,2.288386,-14.011162,21.194941,69.258362
prioritized,2,92,32389,0.05,,400,11.0,5.2,1.049244,10000,0.6,1.0,1.933575,35.059536,2.324197,-12.73847,21.710508,69.398636
prioritized,2,93,32789,0.05,,400,8.8,9.4,1.153783,10000,0.6,1.0,2.055025,35.680683,2.488523,-14.310351,22.14126,71.348473
prioritized,2,94,33189,0.05,,400,14.4,10.8,1.122123,10000,0.6,1.0,1.922792,37.435955,2.314287,-13.622341,22.97187,74.687431
prioritized,2,95,33589,0.05,,400,8.4,7.6,1.24521,10000,0.6,1.0,2.126433,37.435955,2.490373,-14.199131,23.512671,74.624352
prioritized,2,96,33989,0.05,,400,5.4,5.4,1.007696,10000,0.6,1.0,1.846495,37.858917,2.389498,-17.053946,24.093391,81.105598
prioritized,2,97,34389,0.05,,400,9.4,5.2,1.225892,10000,0.6,1.0,2.023704,41.659973,2.510648,-15.757268,24.119902,80.674698
prioritized,2,98,34789,0.05,,400,6.0,8.0,1.233582,10000,0.6,1.0,2.095301,41.659973,2.59477,-16.575031,25.939009,84.758926
prioritized,2,99,35189,0.05,,400,9.6,10.4,1.324129,10000,0.6,1.0,2.143617,41.659973,2.730493,-14.800612,26.160898,85.15802
prioritized,2,100,35589,0.05,,400,6.8,8.0,1.431481,10000,0.6,1.0,2.316005,41.659973,2.748574,-16.269114,27.679052,89.353317
prioritized,2,101,35989,0.05,,400,6.0,5.6,1.405202,10000,0.6,1.0,2.213795,41.659973,2.693754,-19.337351,28.336464,94.549301
prioritized,2,102,36389,0.05,,400,4.2,5.8,1.22644,10000,0.6,1.0,2.047783,42.808727,2.626409,-20.52622,29.107788,98.932632
prioritized,2,103,36789,0.05,,400,7.8,5.4,1.328119,10000,0.6,1.0,2.173956,44.552372,2.778447,-20.503994,30.908813,102.609001
prioritized,2,104,37189,0.05,,400,8.0,11.4,1.588738,10000,0.6,1.0,2.431317,44.552372,2.975223,-19.547394,31.805981,102.187965
prioritized,2,105,37589,0.05,,400,9.4,9.4,1.678047,10000,0.6,1.0,2.566671,44.552372,2.948572,-18.387196,31.055952,99.786446
prioritized,2,106,37989,0.05,,400,5.6,7.6,1.573292,10000,0.6,1.0,2.410799,46.029907,3.026486,-21.093697,31.861412,106.48793
prioritized,2,107,38389,0.05,,400,9.2,4.6,1.490389,10000,0.6,1.0,2.337244,46.029907,2.827048,-22.69381,33.916515,113.512421
prioritized,2,108,38789,0.05,,400,10.8,9.8,1.840799,10000,0.6,1.0,2.698163,46.457767,3.440894,-19.497898,36.080402,113.355995
prioritized,2,109,39189,0.05,,400,4.8,8.2,1.512815,10000,0.6,1.0,2.271119,46.987675,2.959088,-24.716957,35.544518,120.112892
prioritized,2,110,39589,0.05,,400,7.8,5.8,1.61841,10000,0.6,1.0,2.426726,47.337349,3.188537,-25.85817,40.16737,128.39389
prioritized,2,111,39989,0.05,,400,6.8,7.6,1.788215,10000,0.6,1.0,2.566984,49.988235,3.205521,-25.757397,39.190582,127.690559
prioritized,2,112,40389,0.05,,400,4.6,11.4,1.771739,10000,0.6,1.0,2.622407,49.988235,3.286917,-24.425791,39.807518,128.45755
prioritized,2,113,40789,0.05,,400,5.8,4.4,1.91593,10000,0.6,1.0,2.587716,50.504395,3.316119,-26.863003,42.997963,137.887009
prioritized,2,114,41189,0.05,,400,4.0,7.6,1.850321,10000,0.6,1.0,2.549019,51.688923,3.275649,-28.058552,41.357079,138.223328
prioritized,2,115,41589,0.05,,400,9.4,6.0,2.046624,10000,0.6,1.0,2.87165,53.033775,3.600619,-27.779743,45.537933,143.714127
prioritized,2,116,41989,0.05,,400,6.8,11.4,2.071977,10000,0.6,1.0,2.853685,53.033775,3.543285,-30.617285,46.32774,149.257339
prioritized,2,117,42389,0.05,,400,11.8,6.6,1.848751,10000,0.6,1.0,2.523929,53.663754,3.32234,-35.478981,47.70253,158.891617
prioritized,2,118,42789,0.05,,400,5.4,10.0,2.077691,10000,0.6,1.0,2.770389,55.630997,3.4926,-31.453886,47.915176,157.058258
prioritized,2,119,43189,0.05,,400,5.8,7.4,2.3987,10000,0.6,1.0,3.079243,55.630997,3.736722,-31.570271,46.837509,153.625946
prioritized,2,120,43589,0.05,,400,9.4,4.4,2.305876,10000,0.6,1.0,3.015408,58.529522,3.759832,-32.718388,48.398636,161.367844
prioritized,2,121,43989,0.05,,400,6.4,9.0,2.439331,10000,0.6,1.0,3.200253,59.749264,4.009218,-29.143518,49.840714,161.764908
prioritized,2,122,44389,0.05,,400,8.0,10.0,2.238116,10000,0.6,1.0,2.859513,59.749264,3.695749,-33.910789,51.39629,170.630585
prioritized,2,123,44789,0.05,,400,7.2,7.4,2.239309,10000,0.6,1.0,2.836494,59.749264,3.725793,-39.857986,53.311993,179.549133
prioritized,2,124,45189,0.05,,400,6.6,7.4,2.561797,10000,0.6,1.0,3.147436,59.794079,3.993592,-35.739254,54.533146,179.830185
prioritized,2,125,45589,0.05,,400,9.8,8.8,2.531138,10000,0.6,1.0,3.062636,62.024265,3.898323,-37.64592,56.804161,188.465591
prioritized,2,126,45989,0.05,,400,8.8,11.0,2.807664,10000,0.6,1.0,3.344304,62.024265,4.321535,-37.129555,60.200287,192.227371
prioritized,2,127,46389,0.05,,400,8.8,6.0,2.271044,10000,0.6,1.0,2.895707,67.413521,3.950547,-41.807129,58.377918,199.793762
prioritized,2,128,46789,0.05,,400,7.4,11.6,2.494776,10000,0.6,1.0,3.043093,67.413521,4.117824,-46.309845,61.486462,206.650253
prioritized,2,129,47189,0.05,,400,8.4,11.6,2.5507,10000,0.6,1.0,3.065126,67.413521,4.095818,-47.409531,66.170967,219.087509
prioritized,2,130,47589,0.05,,400,8.0,10.2,2.581892,10000,0.6,1.0,3.094771,67.413521,4.109268,-49.033428,65.064651,218.706512
prioritized,2,131,47989,0.05,,400,7.8,6.8,2.948951,10000,0.6,1.0,3.397964,73.283211,4.421681,-47.31752,69.109413,224.212021
prioritized,2,132,48389,0.05,,400,6.0,5.6,2.694503,10000,0.6,1.0,3.183983,73.283211,4.374767,-49.202381,68.944992,230.321487
prioritized,2,133,48789,0.05,,400,6.8,6.6,2.744674,10000,0.6,1.0,3.294219,73.283211,4.305177,-50.71257,69.420769,232.231171
prioritized,2,134,49189,0.05,,400,10.2,9.6,2.716513,10000,0.6,1.0,3.391392,74.203239,4.664745,-49.274384,69.370819,232.557648
prioritized,2,135,49589,0.05,,400,9.4,7.8,2.955075,10000,0.6,1.0,3.374067,74.203239,4.432445,-52.161182,73.512566,244.123062
prioritized,2,136,49989,0.05,,400,9.2,11.2,3.296504,10000,0.6,1.0,3.584656,74.203239,4.575943,-53.592228,74.174461,244.914597
prioritized,2,137,50389,0.05,,400,9.2,15.2,3.47276,10000,0.6,1.0,3.753895,74.203239,4.666105,-50.894585,78.319824,250.806076
prioritized,2,138,50789,0.05,,400,5.4,5.4,2.956091,10000,0.6,1.0,3.48024,74.203239,4.591897,-53.426231,73.380295,250.237091
prioritized,2,139,51189,0.05,,400,7.4,9.2,3.685753,10000,0.6,1.0,3.916525,75.740395,4.848637,-53.968361,79.63707,259.442566
prioritized,2,140,51589,0.05,,400,10.4,8.6,3.724098,10000,0.6,1.0,3.859823,75.994911,5.016991,-52.922482,77.502594,260.445709
prioritized,2,141,51989,0.05,,400,8.4,9.6,3.944766,10000,0.6,1.0,4.142358,77.674751,5.094953,-56.426502,84.822014,274.321564
prioritized,2,142,52389,0.05,,400,8.4,6.0,4.272902,10000,0.6,1.0,4.424925,79.493835,5.432925,-49.669434,81.915871,266.145233
prioritized,2,143,52789,0.05,,400,6.8,4.4,3.823471,10000,0.6,1.0,3.970392,79.949654,4.931652,-59.938236,85.70636,289.062195
prioritized,2,144,53189,0.05,,400,8.2,8.4,3.637348,10000,0.6,1.0,3.64836,81.297768,4.900231,-67.8517,90.361465,307.241425
prioritized,2,145,53589,0.05,,400,12.8,4.6,4.293675,10000,0.6,1.0,4.346804,82.864586,5.652737,-58.012871,92.786797,303.078613
prioritized,2,146,53989,0.05,,400,4.2,6.6,4.074995,10000,0.6,1.0,4.168459,89.306374,5.519182,-66.367485,95.373642,315.905457
prioritized,2,147,54389,0.05,,400,5.8,6.8,3.679288,10000,0.6,1.0,3.808342,89.306374,5.364743,-71.627304,101.092278,340.652435
prioritized,2,148,54789,0.05,,400,4.6,4.8,4.008186,10000,0.6,1.0,3.968928,89.306374,5.474013,-73.724686,103.677094,346.180695
prioritized,2,149,55189,0.05,,400,4.8,6.6,4.402805,10000,0.6,1.0,4.351547,89.306374,5.601159,-67.002747,98.758087,332.264404
prioritized,2,150,55589,0.05,,400,5.8,5.0,4.368111,10000,0.6,1.0,4.332643,89.306374,5.374938,-70.939766,99.907265,340.10553
prioritized,2,151,55989,0.05,,400,11.0,4.8,4.354166,10000,0.6,1.0,4.25099,90.725967,5.698718,-74.722305,104.773575,354.619324
prioritized,2,152,56389,0.05,,400,12.2,10.0,4.661487,10000,0.6,1.0,4.317293,97.355995,5.72433,-77.907394,112.17746,372.996826
prioritized,2,153,56789,0.05,,400,4.6,3.4,4.548748,10000,0.6,1.0,4.429231,97.355995,5.776635,-76.402733,107.415977,364.469299
prioritized,2,154,57189,0.05,,400,12.4,7.2,4.555864,10000,0.6,1.0,4.402403,97.355995,5.649903,-78.44088,110.657532,376.955292
prioritized,2,155,57589,0.05,,400,6.0,5.8,4.177104,10000,0.6,1.0,4.134634,97.355995,5.759115,-82.541893,117.058083,397.184753
prioritized,2,156,57989,0.05,,400,5.2,6.0,4.383406,10000,0.6,1.0,4.28915,100.545753,5.899838,-84.85553,120.832237,408.589447
prioritized,2,157,58389,0.05,,400,6.8,6.6,4.608956,10000,0.6,1.0,4.39042,100.545753,5.773199,-93.663048,124.699921,420.126465
prioritized,2,158,58789,0.05,,400,10.2,7.4,4.494711,10000,0.6,1.0,4.205286,100.545753,5.916821,-101.005394,131.109436,439.391937
prioritized,2,159,59189,0.05,,400,6.0,5.4,5.013119,10000,0.6,1.0,4.613265,100.545753,6.254826,-88.530121,128.423203,428.693695
prioritized,2,160,59589,0.05,,400,6.0,10.2,4.869886,10000,0.6,1.0,4.573641,101.856308,6.187632,-101.767464,140.72525,462.41922
prioritized,2,161,59989,0.05,,400,6.0,6.8,5.607429,10000,0.6,1.0,4.957212,102.222298,6.32029,-93.540428,136.80397,453.53244
prioritized,2,162,60389,0.05,,400,7.4,7.6,6.271877,10000,0.6,1.0,5.318778,105.238617,7.003239,-82.725716,139.179977,451.924896
prioritized,2,163,60789,0.05,,400,5.8,6.6,5.80776,10000,0.6,1.0,5.046118,106.102135,6.694038,-98.753128,142.034042,476.902954
prioritized,2,164,61189,0.05,,400,4.4,11.4,5.807176,10000,0.6,1.0,4.959793,106.544594,6.876244,-99.132835,145.396805,487.257935
prioritized,2,165,61589,0.05,,400,6.6,7.0,5.39208,10000,0.6,1.0,4.926678,109.263374,6.794039,-104.597832,151.716003,504.689728
prioritized,2,166,61989,0.05,,400,9.6,6.6,5.56288,10000,0.6,1.0,5.091873,109.263374,7.013787,-101.330566,148.03717,501.503815
prioritized,2,167,62389,0.05,,400,12.0,5.4,6.004663,10000,0.6,1.0,5.048494,110.952118,7.087948,-107.722832,159.872742,533.036255
prioritized,2,168,62789,0.05,,400,9.4,7.2,7.228041,10000,0.6,1.0,5.945098,112.407722,7.301126,-94.427834,156.346863,509.565857
prioritized,2,169,63189,0.05,,400,7.6,10.4,5.695726,10000,0.6,1.0,4.939513,115.59375,7.061029,-115.513924,160.22316,549.380981
prioritized,2,170,63589,0.05,,400,6.6,5.8,6.605702,10000,0.6,1.0,5.34476,118.407906,7.275548,-112.32254,169.888245,568.01123
prioritized,2,171,63989,0.05,,400,6.0,6.2,6.730657,10000,0.6,1.0,5.443174,118.407906,7.193751,-123.147736,177.499588,586.869141
prioritized,2,172,64389,0.05,,400,10.0,12.4,7.59203,10000,0.6,1.0,6.185227,119.989014,7.690053,-102.206123,164.895233,553.180237
prioritized,2,173,64789,0.05,,400,6.6,8.0,6.796554,10000,0.6,1.0,5.668967,120.244987,7.608459,-123.115448,173.430435,590.540222
prioritized,2,174,65189,0.05,,400,11.8,6.4,8.27643,10000,0.6,1.0,6.421193,121.195473,8.123625,-109.155281,179.064392,584.622437
prioritized,2,175,65589,0.05,,400,9.6,9.8,7.176703,10000,0.6,1.0,5.904771,124.572487,8.181556,-131.801697,179.996292,608.827209
prioritized,2,176,65989,0.05,,400,9.4,5.0,6.384627,10000,0.6,1.0,5.275679,125.321304,7.602827,-156.732727,199.139023,670.582397
prioritized,2,177,66389,0.05,,400,6.0,7.4,7.330954,10000,0.6,1.0,5.876379,125.72023,7.959468,-149.061783,202.717926,669.617004
prioritized,2,178,66789,0.05,,400,6.2,6.0,7.532664,10000,0.6,1.0,5.972082,127.306015,8.033897,-146.392319,202.393829,669.770203
prioritized,2,179,67189,0.05,,400,6.0,6.4,7.741679,10000,0.6,1.0,5.9019,131.564377,8.268161,-158.346191,210.539993,701.973083
prioritized,2,180,67589,0.05,,400,10.6,12.4,8.37583,10000,0.6,1.0,6.327257,132.714661,8.258739,-149.023285,214.637817,703.038269
prioritized,2,181,67989,0.05,,400,5.6,8.6,7.687102,10000,0.6,1.0,5.879419,133.22818,8.209598,-168.818863,216.593521,728.991577
prioritized,2,182,68389,0.05,,400,6.4,7.0,8.999442,10000,0.6,1.0,6.771699,134.103302,8.690819,-160.862854,223.798523,728.425964
prioritized,2,183,68789,0.05,,400,5.2,5.4,7.799688,10000,0.6,1.0,5.794935,134.775482,8.080001,-177.952988,221.522949,757.060791
prioritized,2,184,69189,0.05,,400,6.4,5.0,7.971407,10000,0.6,1.0,6.008323,138.029938,8.634318,-185.394577,231.956039,779.250977
prioritized,2,185,69589,0.05,,400,8.4,11.8,8.627611,10000,0.6,1.0,6.331558,139.638779,8.469743,-183.373535,233.367447,782.677795
prioritized,2,186,69989,0.05,,400,6.8,5.0,9.081585,10000,0.6,1.0,6.699893,141.131638,8.660954,-161.345596,237.115524,778.682861
prioritized,2,187,70389,0.05,,400,8.2,8.8,9.394759,10000,0.6,1.0,6.587474,144.071533,8.627133,-175.436737,233.615036,791.743469
prioritized,2,188,70789,0.05,,400,8.6,9.2,8.76996,10000,0.6,1.0,6.194364,144.071533,8.797818,-184.093933,243.299622,823.108093
prioritized,2,189,71189,0.05,,400,7.8,5.6,8.317437,10000,0.6,1.0,6.105472,145.102844,9.082027,-183.548386,243.868469,832.746887
prioritized,2,190,71589,0.05,,400,8.8,10.4,8.864941,10000,0.6,1.0,6.458953,146.254211,9.197363,-190.684341,249.274185,844.546753
prioritized,2,191,71989,0.05,,400,3.4,11.4,11.162278,10000,0.6,1.0,7.807112,148.914993,9.977929,-164.70813,254.084213,827.894775
prioritized,2,192,72389,0.05,,400,5.4,7.6,9.334976,10000,0.6,1.0,6.826006,153.78801,9.232211,-189.415436,253.515778,869.768921
prioritized,2,193,72789,0.05,,400,8.2,5.4,9.276202,10000,0.6,1.0,6.536708,153.78801,9.484599,-218.286224,266.88443,916.486084
prioritized,2,194,73189,0.05,,400,5.8,4.6,9.620663,10000,0.6,1.0,6.871477,155.141525,9.32141,-204.938293,270.557037,922.048279
prioritized,2,195,73589,0.05,,400,9.8,9.2,9.834183,10000,0.6,1.0,6.73072,157.471695,9.146905,-219.000488,277.483978,944.862549
prioritized,2,196,73989,0.05,,400,5.4,7.6,10.817845,10000,0.6,1.0,7.321024,158.347488,9.649354,-215.153107,284.059235,951.441284
prioritized,2,197,74389,0.05,,400,8.0,8.6,13.704988,10000,0.6,1.0,8.871158,159.816788,11.116822,-171.352524,287.248932,921.805115
prioritized,2,198,74789,0.05,,400,9.0,6.6,10.997172,10000,0.6,1.0,7.482285,162.674545,10.18595,-214.876328,292.834778,995.299744
prioritized,2,199,75189,0.05,,400,7.4,17.4,11.121994,10000,0.6,1.0,7.595664,163.46846,10.41089,-220.924805,296.569214,1006.62677
prioritized,2,200,75589,0.05,,400,8.8,8.4,12.045223,10000,0.6,1.0,8.145638,167.066208,10.622518,-209.472229,299.032318,1009.212585
